titulo,autor(es),editora,imagem,descrição
13 Histórias Que Até a Mim Assustaram,Vários,Record,13 Historias Que Ate a Mim Assustar.jpg,
13 Porques,Jay Asher,,13 Porques.jpg,"Ao voltar da escola, Clay Jensen encontra um misterioso pacote com várias fitas cassetes. Ele ouve as gravações e se dá conta de que foram feitas por uma colega de classe que cometeu suicídio duas semanas antes. Nas fitas, ela explica que 13 motivos a levaram à decisão de se matar. Clay é um deles. Agora ele precisa ouvir tudo até o fim para descobrir como contribuiu para esse trágico acontecimento.
"
7 Vezes Mulher,Alcio Luiz Gomes,,7 Vezes Mulher.jpg,"Os segredos dos ciclos femininos sob a ótica da tradicional medicina chinesa. Atraves dos sete ciclos em que os orientais dividem a vida reprodutiva feminina, o livro, único no Brasil no gênero, mostra como a medicina tradicional chinesa vê a mulher.Ilustrado, baseia-se no Huang di Nei jing, texto medico com mais de dois mil anos, fundado no Taoismo, e que permite varias leituras de seu conteúdo, já que disserta sobre filosofia, fisiologia, fisiopatologia, diagnostico e tratamento. Escrito numa linguagem menos cientifica, apresenta uma interessante visão do autor, Dr Alcio Luiz Gomes que, do ponto de vista da dinâmica energética desses períodos de vida, fornece ao leitor inclusive as respostas a muitos questionamentos humanos.
"
A Abadia de Northanger,Jane Austen,,A Abadia de Northanger.jpg,"A ABADIA DE NORTHANGER foi publicada postumamente em dezembro de 1817 em conjunto com ""Persuasão"". A história de sua publicação por si já serviria como um excelente enredo para uma história vitoriana: foi escrito inicialmente em 1798 e o primeiro romance de Jane Austen a ser concluído para a publicação, antes mesmo de ""Razão e Sensibilidade” e “Orgulho e Preconceito” terem sido concebidos. Em 1803, Jane Austen revê o texto e vende a história para um editor de Londres, Crosby & Co., que apesar de ter adquirido a obra decide pela não-publicação. Antes de seu falecimento, Jane Austen ainda realizaria uma terceira revisão do texto, uma vez que seu irmão Henry havia readquirido os direitos sobre o livro. 
O lançamento de A ABADIA DE NORTHANGER pela EDITORA LANDMARK apresenta pela primeira vez a obra de Jane Austen em uma inédita edição bilíngue, resgatando toda a importância desta magnífica obra de uma das maiores escritoras inglesas. 
A ABADIA DE NORTHANGER acompanha a trajetória de Catherine Morland, sua família e amigos, quando de sua visita ao balneário de Bath, na Inglaterra, local sempre frequentado por Austen e sua própria família. Em sua estadia, Catherine passa seus dias visitando seus mais novos amigos e frequentando bailes na cidade e acaba por se envolver com dois jovens da cidade, John Thorpe e Henry Tillney que a envolve com seu conhecimento de literatura e história. O pai de Henry, general Tillney, a convida para visitar uma de suas propriedades, a Abadia de Northanger. Catherine que na história está lendo o romance gótico, “Os Mistérios de Udolpho”, de Ann Radcliffe, fica fascinada com a perspectiva de ingressar em um ambiente antigo, fantástico e sombrio. A Abadia de Northanger representa toda a capacidade de Jane Austen em se fazer a crítica social de seu tempo, bem como a de realizar a análise moral de seus personagens. Com o seu costumeiro e agradável senso de humor, a autora critica os romances góticos e seus excessos que tangenciam o ridículo, e introduz sua história em um cenário cotidiano e plausível.
"
A Aprendiz,Trudi Canavan,,A Aprendiz.jpg,"Sozinha entre todos os aprendizes do Clã dos Magos, somente Sonea vem de uma classe menos privilegiada. No entanto, ela ganhou aliados poderosos, como Lorde Dannyl, recentemente promovido a Embaixador. 
 

Ele terá, agora, de partir para a corte de Elyne, deixando Sonea à mercê dos boatos maliciosos e mentirosos que seus inimigos continuam espalhando... até o Lorde Supremo entrar em cena. Entretanto, o preço do apoio de Akkarin é alto porque, em troca, Sonea deve proteger seus mistérios mais sombrios.
 

Enquanto isso, a ordem que Dannyl está obedecendo, de buscar fatos sobre a longa pesquisa abandonada de Akkarin sobre o conhecimento mágico antigo, o está levando a uma extraordinária jornada, chegando cada vez mais perto de um futuro surpreendente e perigoso.
"
A Batalha de Kadesh,Christian Jacq,,A Batalha de Kadesh.jpg,"Terceiro volume da saga do faraó Ramsés, que já vendeu mais de 11 milhões de exemplares em 29 países de todo o mundo. Ícone do Egito Antigo que reinou durante 67 anos, e cujos feitos estão talhados em esculturas nos templos egípcios, Ramsés terá que vencer dois inimigos poderosos: o implacável exército hitita diante da fortaleza de Kadesh e o efeito da magia que está tirando impiedosamente a vida da esposa real. Em desespero, Ramsés apelará aos céus. Mas seu pai celeste responderá a seus apelos? Toda a trajetória de lutas, poder e consagração do novo faraó está presente nos cinco volumes da renomada série.
"
A Batalha do Labirinto,Rick Riordan,Intrínseca,A Batalha do Labirinto.jpg,"O Monte Olimpo está em perigo. Cronos, o perverso titã que foi destronado e feito em pedaços pelos doze deuses olimpianos, prepara um retorno triunfal. O primeiro passo de suas tropas será atacar e destruir o campo de treinamento dos heróis, filhos de deuses com mortais, que desde a Grécia Antiga combatem na linha de frente em defesa dos olimpianos. Para assegurar que esse refúgio de semideuses - o Acampamento Meio-Sangue - não seja invadido, Percy Jackson e um jovem ciclope, ambos filhos de Poseidon, Annabeth Chase, filha de Atena, e Grover, um sátiro, são destacados para uma importante missão: deter as forças de Cronos antes que se aproximem do acampamento.
"
A bela e a adormecida,Neil Gaiman,Rocco,A bela e a adormecida.jpg,"Era o reino mais próximo ao da rainha, em linha reta, como voa o corvo, mas nem os corvos voavam até lá. Você pode achar que conhece esta história. Uma jovem rainha está prestes a se casar. Há anões bons, corajosos e valentes; um castelo envolto em espinhos; e uma princesa enfeitiçada por uma bruxa, segundo dizem os boatos, em um sono eterno. Mas aqui não há ninguém esperando que apareça um nobre príncipe em seu fiel cavalo. Este conto de fadas é tecido com um fio de magia negra, que vira e revira, brilha e reflete. Uma rainha pode acabar se revelando uma heroína, se uma princesa precisar ser salva."
A Casa da Poeira e dos Sonhos,Brenda Reid,,A Casa da Poeira e dos Sonhos.jpg,"Uma casa em ruínas, o mundo em guerra... num pequeno vilarejo, tudo o que ela realmente precisava para viver.
 

Um jovem diplomata inglês e sua esposa são transferidos para Atenas. Hugh adora o estilo de vida glamouroso da embaixada, mas sua esposa começa a ficar cansada da rotina de festas intermináveis e eventos sociais.
 

Quando ele é enviado a Creta para resolver uma questão política, o casal muda para uma casa decadente, de propriedade da família dele. Evadne logo se apaixona pela ilha e pelos moradores locais e decide continuar lá mesmo depois que o marido retorna a Atenas. Enquanto tenta reformar a casa que está caindo aos pedaços, ela inicia uma sólida amizade com Anthi, uma moça do povoado, e com Christo, um jovem empreiteiro que se torna um parceiro na tarefa de recuperar a casa.
 

Mas as nuvens escuras da guerra estão se aproximando, e a pacífica ilha vai se tornar palco de violência nos dias que virão. Sem nada a perder, todos acabam tomando novas atitudes em relação ao amor e à amizade como se aquela fosse a última oportunidade da vida deles.
"
A Casa Negra,"Stephen King, Peter Straub",,A Casa Negra.jpg,"O mestre do terror Stephen King e Peter Straub escrevem, 18 anos depois, a continuação do livro ""O talismã"". Vinte anos se passaram e Jack Sawyer não é mais um menino. Aos 32 anos, não se lembra dos acontecimentos terríveis de quando tinha apenas 12 anos e que o levaram a um estranho universo paralelo - os Territórios. Agora, Jack é um detetive aposentado e mora no vilarejo de Tamarak. 
 

Um estranho acontecimento forçou-o a deixar a policia, e ele vive tranqüilo, protegido das recordações perigosas. Mas sua tranqüilidade está prestes a acabar. Uma série de assassinatos macabros faz com que o chefe de polícia local, amigo de Jack, lhe implore que ajude a polícia a encontrar o assassino.
"
A Ceia Secreta,Javier Sierra,Planeta,A Ceia Secreta.jpg,"Janeiro de 1497. Durante semanas, uma série de cartas anônimas enviadas à corte do papa Alexandre VI adverte que em Milão o controvertido Leonardo da Vinci está executando uma obra diabólica - um mural da Última Ceia, no qual não só pintou os apóstolos sem seu preceptivo halo de santidade, como também o próprio artista se retratou entre eles, dando as costas a Jesus Cristo.
 

Frei Agustín Leyre, inquisidor dominicano especialista na interpretação de mensagens cifradas, é enviado à corte dos Sforza para supervisionar essa pintura e tentar decifrar o segredo que protege a identidade do remetente das cartas. Será que a revelação deste mistério conseguirá mudar nossa forma de ver a pintura do gênio do Renascimento?
"
A Cidade das Sombras,Jeanna DuPrau,,A Cidade das Sombras.jpg,"O desafio de Lina Mayfleet e Doon Harrow, ambos de 12 anos, é nada menos do que salvar toda a população da cidade em que vivem, a estranha Ember, onde não há sol nem lua. A iluminação do lugar depende de um gerador, que, após duas centenas de anos, dá mostras de que não vai durar muito. Mas como duas crianças podem acabar com tamanha responsabilidade nas mãos? É essa a história do infanto-juvenil Ember A cidade das sombras, de Jeanne DuPrau.
"
A Cidade Sinistra Dos Corvos,Lemony Snicket,,A Cidade Sinistra Dos Corvos.jpg,"Os irmãos Baudelaire não conseguem acreditar no que lêem na primeira página do jornal. Uma reportagem informa que o pérfido Conde Olaf raptou não apenas os irmãos Duncan e Isadora Quagmire, mas também Esmé Squalor. O texto não poderia ser mais enganoso: Esmé tinha sido tutora das crianças recentemente, e os Baudelaire sabem muito bem que o Conde Olaf nunca a seqüestraria. Olaf e Esmé são na verdade aliados num plano maligno para se apropriar da fortuna das três crianças.
 

Violet, catorze anos, é a mais velha dos irmãos Baudelaire, os órfãos mais desafortunados do mundo. Klaus, o irmão do meio, tem treze anos e já leu mais livros do que qualquer criança de sua idade. Sunny, a mais nova, é um bebê pouco maior do que uma melancia. Assim como os irmãos Duncan e Isadora, as crianças Baudelaire perderam os pais num incêndio, e a amizade com os Quagmire era praticamente o único acontecimento feliz que havia acontecido nas suas vidas desde que ficaram órfãos.
 

Nessa nova desventura eles terão de se haver com mais uma providência desastrada do sr. Poe, um executivo de banco que tinha sido o primeiro tutor dos Baudelaire e ainda cuidava da fortuna dos irmãos. O sr. Poe decide inscrevê-los num programa de adoção de menores, em que toda uma cidade se responsabiliza por crianças que tenham perdido os pais. O programa tem um slogan amedrontador: ""É preciso uma cidade para educar uma criança"". Violet, Klaus e Sunny são mandados para a apavorante cidade de C.S.C. e assim tem início mais um lamentável episódio da tenebrosa existência dos Baudelaire.
"
A Colônia Perdida,Eoin Colfer,,A Colonia Perdida.jpg,"Dez mil anos atrás, humanos e fadas travaram uma grande batalha na ilha mágica da Irlanda. Quando ficou claro que as fadas não poderiam vencer, elas decidiram levar sua civilização para os subterrâneos e se esconderam dos humanos. Todas as famílias de fadas concordaram, menos uma: os demônios. Sua ilha ficou perdida no limbo, mas está lentamente voltando à Terra. Somente uma pessoa pode prever quando e onde será a materialização: Artemis Fowl.
 
"
A Cura Mortal,James Dashner,,A Cura Mortal.jpg,"Por trás de uma possibilidade de cura para o Fulgor, Thomas irá descobrir um plano maior, elaborado pelo CRUEL, que poderá trazer consequências desastrosas para a humanidade. Ele decide, então, entregar-se ao Experimento final. A organização garante que não há mais nada para esconder. Mas será possível acreditar no CRUEL? Talvez a verdade seja ainda mais terrível... uma solução mortal, sem retorno.
"
A Dama de Abu Simbel,Christian Jacq,,A Dama de Abu Simbel.jpg,"Quarto volume da saga do faraó Ramsés, que já vendeu mais de 11 milhões de exemplares em 29 países de todo o mundo. Ícone do Egito Antigo que reinou durante 67 anos, e cujos feitos estão talhados em esculturas nos templos egípcios, Ramsés enfrentará duas ameaças perigosas: Moisés vai retornar ao Egito para exigir de Ramsés autorização para o êxodo hebreu, e Ofir atingirá com sua força maléfica o primogênito de Ramsés. Conseguirá a magia da esposa real Nefertari – a dama de Abu-Simbel – proteger o Filho da Luz? Toda a trajetória de lutas, poder e consagração do novo faraó está presente nos cinco volumes da renomada série.
"
A Escolhida,Lois Lowry,Arqueiro,A Escolhida.jpg,"Kira, uma órfã de perna torta, vive em um mundo onde os fracos são deixados de lado. A partir do momento da morte de sua mãe, ela teme por seu futuro até que é perdoada pelo Conselho de Guardiões. A razão é que Kira tem um dom: seus dedos possuem a habilidade de bordar de forma extraordinária.
 

Ela supera a habilidade de sua mãe, e lhe cabe a tarefa que nenhum outro membro da comunidade pode fazer. Enquanto seu talento a mantêm viva e traz certos privilégios, ela percebe que está rodeada de misterios e segredos, mas ninguém deve saber sua intenção de descobrir a verdade sobre o mundo.
"
A Esperança,Suzanne Collins,,A Esperanca.jpg,"Depois de sobreviver duas vezes à crueldade de uma arena projetada para destruí-la, Katniss acreditava que não precisaria mais lutar. Mas as regras do jogo mudaram: com a chegada dos rebeldes do lendário Distrito 13, enfim é possível organizar uma resistência. Começou a revolução.
 

A coragem de Katniss nos jogos fez nascer a esperança em um país disposto a fazer de tudo para se livrar da opressão. E agora, contra a própria vontade, ela precisa assumir seu lugar como símbolo da causa rebelde. Ela precisa virar o Tordo. O sucesso da revolução dependerá de Katniss aceitar ou não essa responsabilidade. Será que vale a pena colocar sua família em risco novamente? Será que as vidas de Peeta e Gale serão os tributos exigidos nessa nova guerra?
"
A Fazenda Blackwood,Anne Rice,Rocco,A Fazenda Blackwood.jpg,"Bem-vindos à Fazenda Blackwood. Imensas colunas brancas, salas de estar espaçosas, jardins banhados pelo sol e uma faixa escura do fechado pântano de Sugar Devil. Este é o mundo de Quinn Blackwood, um jovem assombrado desde o nascimento por um misterioso duplo, seu alter ego, um espírito conhecido como Goblin, entidade de um mundo onírico do qual Quinn não consegue escapar, e que o impede de integrar-se ao que quer que seja. Ao tornar-se vampiro, Quinn perde tudo que era seu por direito e ganha uma imortalidade indesejada e seu duplo se torna mais vampiresco e aterrador do que o próprio Quinn.
Enquanto a história avança e recua no tempo, desde a infância de Quinn na Fazenda Blackwood até os dias de hoje em Nova Orleans, da antiga Pompeia a Nápoles do século XIX, Quinn sai em busca do lendário vampiro Lestat, na esperança de livrar-se do espectro que o atrai inexoravelmente de volta ao pântano de Sugar Devil e ao explosivo segredo que oculta. 
Tal como A hora das bruxas, A Fazenda Blackwood é a saga de uma família, seus dramas e segredos, seus sonhos de juventude e promessas. Uma história da perda e da procura do amor, dos mistérios e do destino, em que Anne Rice supera-se em descrições de cenários macabros, casarões sinistros e a lascívia que motiva seus sugadores de sangue e impulsiona suas narrativas fantasmagóricas. É Anne Rice na plenitude de seu estilo.
"
A Filha da Feiticeira,Paula Brackston,,A Filha da Feiticeira.jpg,"Cada era exige um novo diário. Assim sendo, começa este livro das sombras. Após a morte, em 1628, de toda a sua família, a menina Elizabeth, de 15 anos, consegue abrigo com o bruxo Gideon Masters. Contudo, ele a aprisiona e a inicia na magia, tornando-a um ser eterno. Com a fuga da jovem, anos depois, o tutor a persegue ao longo dos séculos, passando por momentos importantes da história da humanidade.
 

Com traços de romance histórico e elementos de fantasia, A Filha da Feiticeira é uma arrebatadora iniciação no mundo mágico, embora perigoso, da feitiçaria. É impossível esquecer essa heroína forte e independente, que sobrevive a pragas e guerras, na busca por se manter fiel a seus princípios.
 

A autora descreve com destreza épocas e locais distintos ao longo dos tempos, como a Inglaterra de 1628, a Paris de 1917 e os dias atuais. Para isso, Paula Brackston pesquisou durante anos as características das sociedades que lá viviam. No fim, uma certeza: o desejo urgente por uma continuação.
 

Uma saga de inocência, entremeada de fantasia. Uma história repleta de magia e feitiçaria, ideal para aqueles que buscam uma trama fascinante. O livro é maravilhosamente escrito, possui personagens bem-construídos e uma trama que prende o leitor até o fim.
"
A Floresta de Mãos e Dentes,Carrie Ryan,,A Floresta de Maos e Dentes.jpg,"O mundo de Mary é um mundo de verdades simples. A Irmandade sempre sabe o que é melhor. Os Guardiões protegem a todos. Os Esconjurados jamais descansam. E você deve sempre tomar cuidado com a cerca que percorre o perímetro do vilarejo; a cerca que protege o vilarejo da Floresta de Mãos e Dentes. 
 

Mas, lentamente, as verdades de Mary estão se desintegrando. Ela está aprendendo coisas que nunca quis saber a respeito da Irmandade e seus segredos, dos Guardiões e seu poder, e dos Esconjurados e seu desespero. 
 

Quando a cerca é violada e seu mundo é atirado no caos, Mary deve escolher entre sua vila e seu futuro - entre seu amado e o homem que a ama. E ela deve enfrentar a verdade a respeito da Floresta de Mãos e Dentes. Pode existir vida em um mundo cercado por tanta morte? 
"
A Garota da Capa Vermelha,Sarah Blakley-Cartwright,,A Garota da Capa Vermelha.jpg,"O corpo de uma garota é descoberto em um campo de trigo. Em sua carne mutilada, marcas de garras. O Lobo havia quebrado a paz. Quando Valerie descobre que sua irmã foi assassinada pela lendária criatura, ela acaba mergulhando de forma irreversível em um grande mistério que vem amaldiçoando sua aldeia por gerações.
 

A revelação vem com Father Solomon: o Lobo habita entre eles — o que torna qualquer pessoa do vilarejo suspeita. Estaria Peter, sua paixão secreta desde a infância, envolvido nos ataques? Ou seria Henry, seu noivo, o Lobisomem que assola as redondezas?
 

Ou, talvez, alguém mais próximo? Enquanto todos estão à caça da besta, Valerie recorre à Avó em busca de ajuda; ela dá à neta uma capa vermelha feita à mão e a orienta através da rede de mentiras, intrigas e decepções que vem controlando o vilarejo por muito tempo. 
 

Descobrirá Valerie o culpado por trás do lobo antes que toda a aldeia seja exterminada? A Garota da Capa Vermelha é uma nova e arrepiante versão do clássico conto. Nela, o final feliz poderá ser difícil de ser encontrado.
"
A gruta Gorgonea,Lemony Snicket,,A gruta Gorgonea.jpg,"O novo volume que dá seqüência à crônica da trágica e desgostosa vida dos irmãos Baudelaire está, como sempre, repleto de infortúnios. Aqueles que ignorarem a advertência de Lemony Snicket - que diz: ""Como autor dedicado que jurou registrar a deprimente história dos Baudelaire, preciso continuar me aprofundando profundamente nas profundezas cavernosas das vidas dos órfãos. Mas você pode se aprofundar na leitura de um livro mais alegre e evitar que seus olhos e seu humor se afoguem"" - encontrarão Violet, Klaus e Sunny em um tobogã, descendo as águas cinzentas do Arroio Enamorado. A situação não é das melhores: depois de resgatar Sunny das garras do Conde Olaf, os Baudelaire se vêem separados do amigo Quigley, numa jornada rumo ao pé das Montanhas de Mão-Morta.
A viagem só não é mais desagradável graças à aparição do submarino Queequeg, que resgata os três das águas violentas do Arroio. Capitaneado pelo excêntrico Andarré, o minúsculo Submarino Q e sua Tripulação de Dois ainda abriga Fiona, enteada do capitão, e Phil, que já havia ajudado os Baudelaire no infeliz episódio da Serraria Alto-Astral. Em busca de um misterioso açucareiro, os seis chegam à Gruta Gorgônea, onde cogumelos venenosos e a aparição de um certo conde podem precipitar desenlaces ainda mais tristes na vida da trinca desafortunada.
"
A Guardiã,Melissa Marr,,A Guardia.jpg,"Mylene Barrow tem um ritual sagrado, cumprido há décadas: em cada funeral na pequena Claysville, uma pacata cidadezinha americana, ela toma três goles de uma mistura de água benta com uísque da melhor qualidade, e murmura, como que para ninguém: “Dos meus lábios para seus ouvidos, seu canalha. Ele foi muito amado e continuará sendo.” Depois, avisa ao morto: “Durma bem e permaneça onde eu o deixar.” Por três meses, ela ainda visita a sepultura, despejando outros três goles da bebida na terra, em uma rotina aceita por todos da comunidade. Quando Maylene é brutalmente assassinada, sua neta Rebekkah, há anos fora, volta para o enterro da avó, disposta a dizer adeus e ir embora de vez. Mas nada é tão simples em A guardiã, nova incursão pelo universo fantástico da autora best seller Melissa Marr.
"
A História do Ladrão de Corpos,Anne Rice,,A Historia do Ladrao de Corpos.jpg,"Na continuação do best-seller Entrevista com o Vampiro, o irresistível vampiro Lestat tem a oportunidade de trocar o seu corpo pelo de um cantor de rock e sentir as sensações de um mortal. É também a chance de Raglan James experimentar os poderes de um imortal. 
 

Depois de alcançar o sucesso durante sua curta carreira de cantor de rock, no entanto, o dono do corpo imortal não quer desfazer a troca. Lestat parte em uma jornada para resgatar sua imortalidade. Com a ajuda de David Talbot, um amigo imortal, Lestat se enfronha no candomblé e espiritismo. Torturado por seu amor, suas dúvidas e sua solidão secular, ele se vê dividido pela possibilidade de ser humano outra vez ou retomar sua vida imortal. Mas uma coisa o perturba. E se o estranho não lhe devolver mais o corpo?
"
A Hora das Bruxas I,Anne Rice,,A Hora das Bruxas I.jpg,"Após desfilar a fascinante galeria de vampiros e múmias que a tornaram uma das mais famosas escritoras americanas, Anne Rice mergulha no universo da bruxaria em A Hora das Bruxas. Considerada uma das maiores escritoras de terror erótico, Anne Rice mistura com equilíbrio elementos góticos e modernos, numa narrativa romântica, de extrema crueldade, mas de paixões arrebatadoras. 
 

Em A Hora das Bruxas, a autora mais uma vez exorciza seus demônios e fantasmas, narrando a saga de uma família que em quatro séculos vive entre feitiçaria e forças ocultas. A família Mayfair é o ponto central de uma dinastia de bruxos, que cresceu e prosperou dedicando-se à magia negra. Entre os Mayfair, convive-se pacificamente com o incesto, os assassinatos e com o espírito meio divindade celta, meio demônio, chamado Lasher. 
 

O romance se desenrola cronologicamente para a frente e para trás, passando por Nova Orleans e São Francisco atuais e deslocando-se até o Haiti ou a um castelo na França de Luis XIV. 
 

As bruxas de Anne Rice não pilotam vassouras: são mulheres mafiosas, ocultas sob uma delicadeza fútil. Para elas, a bruxaria é a ciência mais confiável. 
 

Desde o final da década de 60, quando especializou-se na ""síndrome da jugular"", a autora de ""Entrevista com o Vampiro"" angaria legiões de fãs que aumentam dia após dia.
 
"
A Hora das Bruxas II,Anne Rice,,A Hora das Bruxas II.jpg,"Continua a saga dos Mayfair, com suas tragédias e mistérios. Rowan toma posse da casa, da esmeralda e do legado. Mas, de quebra, leva também Lasher e sua maldição. Cabe agora a Rowan decidir-se entre o amor de Michael Curry e a sedução desse ser poderoso que quer ficar nesse mundo para sempre. 
"
A Hospedeira,Stephenie Meyer,,A Hospedeira.jpg,"Nosso planeta foi dominado por um inimigo que não pode ser detectado. Os humanos se tornaram hospedeiros dos invasores: suas mentes são extraídas, enquanto seus corpos permanecem intactos e prosseguem suas vidas aparentemente sem alteração. A maior parte da humanidade sucumbiu a tal processo. 
 

Quando Melanie, um dos humanos ""selvagens"" que ainda restam, é capturada, ela tem certeza de que será seu fim. Peregrina, a ""alma"" invasora designada para o corpo de Melanie, foi alertada sobre os desafios de viver dentro de um ser humano: as emoções irresistíveis, o excesso de sensações, a persistência das lembranças e das memórias vívidas. Mas há uma dificuldade que Peregrina não esperava: a antiga ocupante de seu corpo se recusa a desistir da posse de sua mente. 
 

Peregrina investiga os pensamentos de Melanie com o objetivo de descobrir o paradeiro dos remanescentes da resistência humana. Entretanto, Melanie ocupa a mente de sua invasora com visões do homem que ama: Jared, que continua a viver escondido. 
 

Incapaz de se separar dos desejos de seu corpo, Peregrina começa a se sentir intensamente atraída por alguém a quem foi submetida por uma espécie de exposição forçada. Quando os acontecimentos fazem de Melanie e Peregrina improváveis aliadas, elas partem em uma busca incerta e perigosa do homem que ambas amam.
"
A Lista dos Desejos,Eoin Colfer,,A Lista dos Desejos.jpg,"Para conseguir entrar no céu, a adolescente Meg Finn precisa ajudar Lowrie McCall a realizar uma lista de desejos acumulados durante uma vida cheia de obstáculos. Mas não será uma tarefa fácil; Meg precisa burlar o tempo e alguns inimigos - criaturas maléficas que vão tentar impedi-la de completar sua missão.
"
A Livraria 24 Horas do Mr. Penumbra,Robin Sloan,,A Livraria 24 Horas do Mr. Penumbra.jpg,"A recessão econômica obriga Clay Jannon, um web-designer desempregado, a aceitar trabalho em uma livraria 24 horas. A livraria do Mr. Penumbra — um homenzinho estranho com cara de gnomo. Tão singular quanto seu proprietário é a livraria onde só um pequeno grupo de clientes aparece. E sempre que aparece é para se enfurnar, junto do proprietário, nos cantos mais obscuros da loja, e apreciar um misterioso conjunto de livros a que Clay Jannon foi proibido de ler. Mas Jannon é curioso…
"
A Maldição dos Titãs,Rick Riordan,Intrínseca,A Maldicao dos Titas.jpg,"Nesse terceiro livro da série, um chamado do amigo Grover deixa Percy a postos para mais uma missão: dois novos meios-sangues foram encontrados, e sua ascendência ainda é desconhecida. Como sempre, Percy sabe que precisará contar com o poder de seus aliados heróis, com sua leal espada Contracorrente... e com uma caroninha da mãe. O que eles ainda não sabem é que os jovens descobertos não são os únicos em perigo: Cronos, o Senhor dos Titãs, arquitetou um de seus planos mais traiçoeiros, e os meios-sangues estarão frente a frente com o maior desafio de suas vidas: A Maldição
"
A Montanha do Vampiro,Darren Shan,,A Montanha do Vampiro.jpg,"O Conselho dos Generais Vampiros se reunia uma vez a cada doze anos. Se perdessem aquela oportunidade, teriam de esperar muito tempo pela próxima. E, depois de seis anos, já estava na hora de Darren Shan ser apresentado aos membros do Conselho. Daí o sr. Crepsley ter comunicado a partida para a misteriosa montanha do vampiro com tanta pressa. E sem qualquer tipo de justificativa. Até porque ele nunca fez mesmo a menor questão de explicar as próprias ordens. 
 

Não seria uma viagem fácil, dava para adivinhar. De resto, ninguém sabia informar quase nada. Só que o caminho era longo, os dias, frios, e o vento cortava a pele até os ossos. Definitivamente, uma jornada incomum para alguém, de certa forma, inexperiente, como o jovem assistente de vampiro. 
 

Íngreme e quase impossível de ser escalada, a montanha era uma colmeia gigantesca de cavernas, repletas de caixões, tonéis de sangue humano, comida e vinho. Os vampiros só eram vistos quando chegavam, partiam ou saíam para caçar. Nos túneis ? sempre frios e úmidos ? ficavam os salões onde moravam os estranhos habitantes da montanha.
Darren aprendeu tudo sobre eles, sua história, seus hábitos, ganhou amigos, inimigos, viveu momentos que chegaram até a ser divertidos. Mas ainda não sabia o verdadeiro preço que precisaria pagar para ser um vampiro de verdade. Logo o legendário príncipe mostraria a ele que sua entrada para o clã era diabolicamente mortal e talvez não valesse tanto a pena como pensavam alguns.
"
A Noiva Fantasma,Yangsze Choo,DarkSide,A Noiva Fantasma.jpg,"Certa noite, meu pai me perguntou se eu gostaria de me tornar uma noiva fantasma...
 

1893. Li Lan é uma jovem que recebeu educação e cultura, mas que vive sem grandes perspectivas depois da falência de seus pais. Até surgir uma proposta capaz de mudar sua vida para sempre: casar-se com o herdeiro de uma família rica e poderosa. Há apenas um detalhe: seu noivo está morto.
 

A Noiva Fantasma é o surpreendente romance de estreia de Yangsze Choo, a escritora de ascendência oriental que está encantando fãs por todo o mundo.
 

Por mais fantásticas que pareçam, as noivas fantasmas ainda resistem até hoje em parte da cultura asiática. A prática, que chegou a ser banida por Mao Tsé-Tung durante a Revolução Cultural, foi muito frequente na China e na Malaia (hoje Malásia) no final do século XIX. O casamento era usado para tranquilizar um espírito inquieto, e garantir um lar e estabilidade para as mulheres que diziam sim a maridos já falecidos. É claro que elas tinham um preço alto a pagar, e com Li Lan não seria diferente.
 

Evocando obras como Lugar Nenhum, de Neil Gaiman, essa obra é uma história impressionante sobre o amor sobrenatural e sobre o amadurecimento, escrita por uma extraordinária nova voz da ficção contemporânea
"
A nova ordem mundial,Elle Casey,Geração Editorial,A nova ordem mundial.jpg,"Jayne e seus amigos estão numa encruzilhada, tendo que enfrentar a batalha final que decidirá a formação da nova ordem exigida pelo mundo sempre em guerra entre os Fae da Luz e da Escuridão. Jayne se encontra numa encruzilhada não somente no terreno da estratégia e da magia, mas também do coração, que está dividido entre seu anjo da guarda e seu amigo íncubo, Chase e Spike. Acontecimentos inesperados darão um toque surpreendente de romantismo e lágrimas neste último volume da “Guerra dos Fae”.
 

Surpresas após surpresas são mantidas até o final, que será ainda mais surpreendente para os fãs da insolente e destemida Jayne. E estão de volta o bom humor com o pixie Tim e suas palhaçadas, bem como todos os perigos de um mundo onde de cada personagem ou situação pode brotar uma revelação inesperada, exigindo novas lutas e difíceis adaptações.
 

O mundo de aventuras de Elle Casey em “A Guerra dos Fae” tem aqui um encerramento apoteótico e brilhante.
"
A Pirâmide Vermelha,Rick Riordan,Intrínseca,A Piramide Vermelha.jpg,"<p class=""description"">Desde a morte da mãe, seis anos atrás, Carter Kane viaja o mundo com o pai, o egiptólogo Dr. Julius Kane. Ele não frequenta a escola e seus pertences cabem em uma única mala. Enquanto isso, Sadie, sua irmã mais nova, é criada pelos avós em Londres. Ela tem tudo o que Carter queria: casa, amigos e uma vida ""normal"". E ele, o que ela mais deseja: conviver com o pai. Depois de tanto tempo separados, os irmãos não tinham praticamente mais nada em comum. Até que na noite de Natal, em uma visita ao British Museum, o pai faz uma estranha promessa: tudo voltará a ser como antes. Mas seu plano dá errado, e os irmãos acabam assistindo ao momento em que um personagem misterioso desaparece com o egiptólogo e provoca uma explosão magnífica.</p> Desde a morte da mãe, seis anos atrás, Carter Kane viaja o mundo com o pai, o egiptólogo Dr. Julius Kane. Ele não frequenta a escola e seus pertences cabem em uma única mala. Enquanto isso, Sadie, sua irmã mais nova, é criada pelos avós em Londres. Ela tem tudo o que Carter queria: casa, amigos e uma vida ""normal"". E ele, o que ela mais deseja: conviver com o pai. Depois de tanto tempo separados, os irmãos não tinham praticamente mais nada em comum. Até que na noite de Natal, em uma visita ao British Museum, o pai faz uma estranha promessa: tudo voltará a ser como antes. Mas seu plano dá errado, e os irmãos acabam assistindo ao momento em que um personagem misterioso desaparece com o egiptólogo e provoca uma explosão magnífica."
A Princesa de Gelo,Camila Läckberg,Planeta,A Princesa de Gelo.jpg,"De regresso à cidadezinha onde nasceu depois da morte dos pais, a escritora Erica Falk encontra uma comunidade à beira da tragédia. A morte da sua amiga de infância, Alex, é só o princípio do que está para vir. Com os pulsos cortados e o corpo mergulhado na água congelada da banheira, tudo leva a crer que Alex se suicidou. Erica, que não a via desde a infância, vê-se de repente no centro dos acontecimentos e ao mesmo tempo, Patrik Hedström, que investiga o caso, começa a perceber que as coisas nem sempre são o que parecem. Mas só quando ambos começam a trabalhar juntos é que vem a verdade sobre aquela cidadezinha com um passado profundamente perturbador.
 

Uma trama que mostra por que Camilla Läckberg é considerada a nova Agatha Christie
"
A Profecia,David Seltzer,,A Profecia.jpg,"Em 1975, o anticristo nasceu. Uma criança protegida pelas forças do mal. Nascido de um chacal no dia seis de junho as 6:00 da manhã, o pequeno Damien foi adotado por uma família, que teria sua vida mudada pela criança que possuía o número 666 marcado em sua cabeça.
"
A Rainha dos Condenados,Anne Rice,Rocco,A Rainha dos Condenados.jpg,"Em A rainha dos condenados, a escritora americana Anne Rice retoma os personagens que a tornaram famosa e faz o livro de maior suspense e densidade de suas Crônicas Vampirescas. Aqui, há vampiros para todos os gostos. Jovens e delinqüentes, como Baby Jenk, da Gangue das Garra, românticos como Armand e Daniel, estudiosos como Jesse, que investiga para a organização conhecida como Talamasca, a história desses seres estranhos, imortais misturados entre mortais, para quem sangue, sexo e morte são elementos indissolúveis do dia-a-dia. Reunidos em torno de Lestat, eles respondem ao chamado de sua música quase hipnótica e correm, ao longo da narrativa de Anne Rice, um perigo difícil de evitar. É que o som de Lestat desperta Akasha, a mãe dos vampiros, a encarnação da força maléfica feminina, disposta a escolher os justos, entre os vampiros, através de um banho de sangue. Mestra da alquimia entre crueldade e poesia, Anne Rice prova em A rainha dos condenados saber fazer em literatura o que Lestat faz em música. Impossível não segui-la hipnoticamente até a última página.
"
A Rainha Vermelha,Victoria Aveyard,,A Rainha Vermelha.jpg,"O mundo de Mare Barrow é dividido pelo sangue: vermelho ou prateado. Mare e sua família são vermelhos: plebeus, humildes, destinados a servir uma elite prateada cujos poderes sobrenaturais os tornam quase deuses.
 

Mare rouba o que pode para ajudar sua família a sobreviver e não tem esperanças de escapar do vilarejo miserável onde mora. Entretanto, numa reviravolta do destino, ela consegue um emprego no palácio real, onde, em frente ao rei e a toda a nobreza, descobre que tem um poder misterioso… Mas como isso seria possível, se seu sangue é vermelho?
 

Em meio às intrigas dos nobres prateados, as ações da garota vão desencadear uma dança violenta e fatal, que colocará príncipe contra príncipe - e Mare contra seu próprio coração.
"
A Sala Dos Repteis,Lemony Snicket,,A Sala Dos Repteis.jpg,"Lemony Snicket é um autor que não pode ser acusado de falta de franqueza. Sabe que nem todo mundo suporta as tristezas que ele conta e por isso - para que depois ninguém reclame - faz questão de avisar: ""Se você esperava encontrar uma história tranqüila e alegre, lamento dizer que escolheu o livro errado. A história pode parecer animadora no início, quando os meninos Baudelaire passam o tempo em companhia de alguns répteis interessantes e de um tio alto-astral, mas não se deixem enganar..."".
 

Os Baudelaire têm mesmo uma incrível má sorte, mas pode-se afirmar que a vida deles seria bem mais fácil se não tivessem de enfrentar o tempo todo as armadilhas de seu arquiinimigo: o conde Olaf, um homem revoltante, gosmento e pérfido. Em Mau Começo ele deu uma pequena amostra do que é capaz de fazer para infernizar a vida de Violet, Klaus e Sunny Baudelaire - e aqui as coisas só pioram.
"
A Semana dos Bruxos,Diana Wynne Jones,,A Semana dos Bruxos.jpg,"Os mundos de Crestomanci têm possibilidades ilimitadas... Este é um mundo onde a bruxaria está absolutamente proibida, mas ainda assim a mágica pipoca como sarampo - em todos os lugares! Quando um bilhete escrito à caneta aparece entre dois dos cadernos de geografia que o Sr. Crossley estava corrigindo, ele fica muito irritado. Ali dizia:
 

ALGUÉM NESTA TURMA É BRUXO.
 

Qualquer um poderia ter escrito aquilo, mas o pior de tudo é que poderia ser verdade, pois o Internato de Larwood é uma escola para órfãos de bruxos! E a última coisa de que o Sr. Crossley precisa é de uma visita do Inquisidor... Só Crestomanci pode resolver a confusão que está se armando!
"
A sombra da Serpente,Rick Riordan,Intrínseca,A sombra da Serpente.jpg,"Sadie e Carter são importantes descendentes da Casa da Vida, uma sociedade secreta de magia estabelecida no Egito ainda no tempo dos faraós. Os irmãos sabem que sua herança ancestral lhes reserva um importante papel: seus poderes são fundamentais para a restauração do Maat, a ordem do universo. Mas, uma vez instalado, o Caos é imprevisível, incalculável e incontrolável, e agora que Apófis está livre os Kane têm somente três dias para evitar que a serpente destrua o planeta. Como se isso não bastasse, a sorte deles parece só piorar.
Os magos estão divididos. Alguns deuses egípcios estão enfraquecendo e, um a um, começam a desaparecer. Walt, um dos mais talentosos combatentes da Casa do Brooklyn, foi amaldiçoado, e sua energia vital está se esvaindo. Zia agora é responsável por Rá, o deus sol, que está completamente senil e não será de grande ajuda. Sadie e Carter, ao lado de alguns jovens magos e uns poucos aprendizes, são os únicos dispostos a enfrentar a serpente e salvar o mundo.
“Extrapola qualquer fórmula e mostra uma visão realmente original da mitologia egípcia.”**School Library Journal**
“A trilogia dos Kane termina incrível. Muita ação e magia explosiva.”**Kirkus Review**
"
"A Vida, O Universo e tudo Mais",Douglas Adams,,"A Vida, O Universo e tudo Mais.jpg","Após as loucas aventuras vividas com seus estranhos amigos em ""O Guia do Mochileiro das Galáxias"" e ""O Restaurante no Fim do Universo"", Arthur Dent ficou cinco anos abandonado na Terra Pré-Histórica. Mesmo depois de tanto tempo, ele ainda acordava todas as manhãs com um grito de horror por estar preso àquela monótona e assustadora rotina. Talvez Arthur até preferisse continuar isolado em sua caverna escura, úmida e fedorenta a encarar a próxima aventura para a qual seria forçosamente arrastado: salvar o Universo dos temíveis robôs xenófobos do planeta Krikkit.
 

Este é o terceiro volume da ""trilogia de cinco"" de Douglas Adams, um dos mais cultuados escritores de ficção científica de todos os tempos. Seu humor corrosivo e sua habilidade em criar situações improváveis tornam seus livros indispensáveis para qualquer um que tenha capacidade de debochar de si mesmo.
 

Usando o planeta Krikkit como paródia da nossa sociedade e das guerras raciais, Adams cria uma história divertida, inteligente e repleta dos mais inusitados significados sobre a vida, o universo e tudo mais.
"
A vingança de Opala,Eoin Colfer,,A vinganca de Opala.jpg,"Artemis Fowl está de volta! Sem lembrar de nada sobre o Povo das Fadas, ele se vê às voltas com o diabólico plano de vingança de Opala Koboi. Para piorar, a capitã Holly torna-se fugitiva da LEP, depois de cair em uma arapuca. Só os dois, com a ajuda de Butler e Palha, podem impedir que Opala destrua o mundo das Fadas e dos Homens da Lama. Dessa vez, Ártemis está diante de uma adversária tão esperta quanto ele. Será um plano genial será suficiente para salvá-los?
"
A Vingança Veste Prada,Lauren Weisberger,,A Vinganca Veste Prada.jpg,"Depois abandonar o emprego na Runaway há quase dez anos e se livrar da insuportável Miranda Priestly, Andrea Sachs agora é a bem-sucedida editora de uma revista de luxo sobre casamentos, a Plunge. Ao lado de Emily, antiga colega de trabalho e sua atual melhor amiga, sua vida não poderia estará melhor: além do sucesso do novo empreendimento, ela está prestes a casar com um dos solteiros mais cobiçados de Nova York. Mas uma semana antes do casamento, um fantasma do passado, ou melhor, um diabo, volta a assombrá-la. 
"
Alice: Aventuras de Alice no País das Maravilhas & Através do Espelho,Lewis Carroll,,Alice_ Aventuras de Alice no Pais d.jpg,"A premiada Edição Comentada e Ilustrada de ""Alice"" ganha novo formato, seguindo o padrão da coleção Clássicos Zahar. O livro reúne ""Aventuras de Alice no País das Maravilhas"" e sua continuação, ""Através do Espelho e o que Alice Encontrou por Lá"", obras-primas de Lewis Carroll. 
 

Além da primorosa tradução vencedora do Prêmio Jabuti, o livro inclui centenas de notas esclarecendo passagens antes nebulosas, trocadilhos de época, enigmas lógicos e referências à vida pessoal do autor, elaboradas por Martin Gardner, um dos maiores especialistas em Carroll. Traz ainda todas as incríveis ilustrações originais de John Tenniel, além de esboços recém-descobertos; introdução situando esses clássicos no contexto da Inglaterra vitoriana; bibliografia da obra de Lewis Carroll, enriquecida com edições em português; filmografia elencando adaptações de Alice para o cinema, a televisão e desenhos animados; e um episódio inédito de Através do Espelho: ""O Marimbondo de Peruca"". 
"
Amor Letal,Robin LaFevers,V&R Editoras,Amor Letal.jpg,"Annith passou sua vida no convento de Saint Mortain aguardando ser enviada em missão, para lutar em nome do Deus da Morte. Por medo de ser punida ou rejeitada, durante seus anos de reclusão ela tentou ser sempre bondosa e obediente. Cobrava-se para ser a melhor, porém, em seu coração pairava a incerteza sobre seus dons e seu real valor como serva da Morte. Suas habilidades com arco e flecha e como lutadora sempre superaram a de todas as outras. Então, por que nunca a escolheram? Eis que Annith chega à conclusão de que existe algo errado no convento: a abadessa. Ao perceber isso, Annith decide ser dona de seu próprio destino e, num momento de extrema rebeldia, resolve fugir – ainda que isso signifique desafiar Mortain. Incerta e com medo sobre qual caminho seguir, ela aceita a ajuda de Baltazaar, uma das almas condenadas pelas irmãs do convento. Mesmo assim, Annith decide seguir seu caminho ao lado dele. No entanto, essa escolha pode ameaçar sua vida e seu grande amor. Amor Letal é o terceiro volume da série “O clã das freiras assassinas”. Uma trilogia rica em detalhes históricos e reviravoltas, refletindo a forte personalidade de protagonistas guerreiras."
Amores Infernais,"Melissa Marr, Scott Westerfeld, Gabrielle Zevin, Laurie Faria Stolarz, Justine Larbalestier",,Amores Infernais.jpg,"De dois estudantes que deixam o poder de atração os guiar a quebrar as difíceis e fáceis regras de seu mundo, para a menina que se apaixona perdidamente por um fantasma de boa aparência que tem contas á ajustar aqui na Terra. Os inteligentes e os esquisitos personagens dessa coleção emocionante irão quebrar o seu coração, e depois irá deixá-lo acreditar no amor mais do que nunca.
"
Angústia,Stephen King,,Angustia.jpg,"Paul Sheldon, um famoso escritor, tem sua vida transformada em um pesadelo sem fim, quando em uma terrível nevasca perde a direção do carro e sofre um acidente horrível, quebrando uma perna, deslocando a bacia e esmagando o joelho. Mas o pior ainda estava por vir. Pois ele é ajudado por sua fã nº 1, que colocará em cárcere o pobre escritor, até que ele escreva um final feliz para Misery Chastain, sua personagem preferida.
"
Animais Fantásticos & Onde Habitam,J. K. Rowling,,Animais Fantasticos & Onde Habitam.jpg,"A acromântula é uma aranha monstruosa de oito olhos e dotada de fala humana, foi desenvolvida pelos bruxos para guardar suas casas ou tesouros... O basilisco, também chamado de rei das cobras, é verde-vivo e pode alcançar até quinze metros de comprimento. Sua criação foi declarada ilegal, desde a época medieval. O dragão é o animal mais mágico do mundo; seu couro, sangue, coração, fígado e chifre têm grandes propriedades ilusionistas.
 

Estas breves descrições são apenas uma amostra do que o leitor pode encontrar em Animais fantásticos & onde habitam , de J. K. Rowling, escrito sob o pseudônimo de Newt Scamander, e com prefácio do sábio Alvo Dumbledore. Ao livro, adotado pelos professores da Escola de Magia e Bruxaria de Hogwarts e considerado uma obra-prima, atribui-se a responsabilidade pelo bons resultados dos alunos nos exames de Trato das Criaturas Mágicas. E a obra não é recomendada só para estudantes. ""Nenhuma casa bruxa está completa se não possuir um exemplar."" Trata-se de um guia com mais de 80 espécies de animais e seus respectivos hábitos, costumes e origem.
 

Este exemplar lançado no mundo dos trouxas (não-bruxos) é uma duplicata do Animais fantásticos & onde habitam de Harry Potter, editado, inclusive, com notas informativas que ele e seus amigos fizeram à margem das páginas. Segundo Scamander, Animais... já está em sua 52ª edição e esclarece, entre outras dúvidas, o significado de animal para a comunidade mágica; fornece sua classificação; a percepção dos trouxas sobre esses seres; ensina como e por que mantê-los ocultos em hábitats seguros, desobediência esta que incorre em multa; e faz um histórico das normas impostas pelo Departamento para Regulamentação e Controle das Criaturas Mágicas do Ministério da Magia, ao longo dos séculos, para preservar as feras fantásticas e assegurar aos bruxos o prazer de apreciar seus poderes e beleza.
 

A escritora escocesa J. K. Rowling cedeu todos os direitos de publicação desta obra para a Comic Relief, uma organização humanitária criada por comediantes britânicos para ajudar crianças carentes. Eles usam o riso para combater a pobreza, a injustiça e a calamidade.
 

Por exigência da autora, os nomes dos animais foram mantidos na Língua Inglesa, com a tradução entre parênteses. 
"
