titulo,autor(es),editora,imagem,descrição
Anjos e Demonios,Dan Brown,Arqueiro,Anjos e Demonios.jpg,"Antes de decifrar ´O Código Da Vinci´, Robert Langdon, o famoso professor de simbologia de Harvard, vive sua primeira aventura em Anjos e Demônios, quando tenta impedir que uma antiga sociedade secreta destrua a Cidade do Vaticano. Às vésperas do conclave que vai eleger o novo Papa, Langdon é chamado às pressas para analisar um misterioso símbolo marcado a fogo no peito de um físico assassinado em um grande centro de pesquisas na Suíça. Ele descobre indícios de algo inimaginável: a assinatura macabra no corpo da vítima - um ambigrama que pode ser lido tanto de cabeça para cima quanto de cabeça para baixo - é dos Illuminati, uma poderosa fraternidade considerada extinta há quatrocentos anos.
 

A antiga sociedade ressurgiu disposta a levar a cabo a lendária vingança contra a Igreja Católica, seu inimigo mais odiado. De posse de uma nova arma devastadora, roubada do centro de pesquisas, ela ameaça explodir a Cidade do Vaticano e matar os quatro cardeais mais cotados para a sucessão papal. Correndo contra o tempo, Langdon voa para Roma junto com Vittoria Vetra, uma bela cientista italiana. Numa caçada frenética por criptas, igrejas e catedrais, os dois desvendam enigmas e seguem uma trilha que pode levar ao covil dos Illuminati - um refúgio secreto onde está a única esperança de salvação da Igreja nesta guerra entre ciência e religião. 
 

Em Anjos e Demônios, Dan Brown demonstra novamente sua extraordinária habilidade de entremear suspense com fascinantes informações sobre ciência, religião e história da arte, despertando a curiosidade dos leitores para os significados ocultos deixados em monumentos e documentos históricos.
"
Arquivo Artemis Fowl,Eoin Colfer,,Arquivo Artemis Fowl.jpg,"Os arquivos confidenciais de Artemis Fowl foram descobertos em seu cofre na Mansão Fowl. Desde o primeiro contato com o Povo das Fadas, ele manteve este dossiê trancado. Agora você também poderá dividir seus segredos…
 

– Duas Fabulosas Histórias: “LEPrecon” e “O Sétimo Anão”
 

– Exclusivo: Entrevistas com os principais personagens, Artemis, Holly, Potrus, Palha, e o próprio Eoin Colfer
"
As crianças trocadas,Elle Casey,Geração Editorial,As criancas trocadas.jpg,"Jayne é uma adolescente rebelde e desbocada. Não se encaixa em lugar algum. Sem dinheiro e sem rumo, ela e seu colega de escola Tony fogem de casa e encontram outros jovens em situação semelhante. Uma misteriosa organização oferece-lhes dinheiro para participarem de um estranho e suspeito experimento envolvendo uma competição. Sequestrados e lançados numa sinistra floresta repleta de seres sobrenaturais assustadores, os garotos precisam enfrentar perigos inimagináveis e vencer a prova, quando Jayne descobre-se possuidora de dons especiais de que nunca suspeitou, poderes de que precisará desesperadamente, para sobreviver num mundo paralelo ao mundo real… o mundo dos Fae.
 

Abandone-se à leitura desta fantasia surpreendente, repleta de ação, suspense, magia e muito humor, escrita por um dos grandes talentos contemporâneos da literatura jovem.
"
As Memórias Perdidas de Jane Austen,Syrie James,,As Memorias Perdidas de Jane Austen.jpg,"Um dos maiores nomes da literatura inglesa, Jane Austen escreveu clássicos como Orgulho e preconceito. Embora seus livros tenham interessantes histórias de amor, a vida amorosa da autora nunca foi considerada notável. Esse foi o ponto de partida para Syrie James, estudiosa de Austen, criar uma versão romanceada sobre a vida da aclamada escritora. E se memórias escritas pela própria Austen fossem descobertas, revelando um grande caso de amor? Escrito em um estilo próximo ao da própria escritora britânica, As memórias perdidas de Jane Austen é um livro notável, irresistível para qualquer um que ame Jane Austen – ou grandes romances.
"
As Vidas de Christopher Chant,Diana Wynne Jones,,As Vidas de Christopher Chant.jpg,"Este é o segundo livro da série ""Os Mundos de Crestomanci"". A ação se passa 25 anos antes, mostrando as origens da magia na vida do personagem principal. Mais uma vez a imaginação rola solta, em um livro que tem o poder mágico de - em mãos de crianças ou adultos - não ser largado até que se chegue ao seu final.
"
"Até Mais, e Obrigado Pelos Peixes",Douglas Adams,,"Ate Mais, e Obrigado Pelos Peixes.jpg","Depois de oito anos vagando pelos mais insondáveis cantos da Galáxia, Arthur Dent está de volta à Terra, e tudo parece estranhamente normal. 
 

Todas as coisas estão em seus devidos lugares – sua casa, seu emprego, seu planeta –, e é justamente por isso que ele começa a desconfiar de que, ou ficou completamente maluco e tudo não passou de uma grande alucinação, ou algo de muito mais estranho do que viagens espaciais a bordo de naves alienígenas poderia estar acontecendo.
 

Em busca de respostas que possam explicar não só como a Terra poderia continuar a existir – já que ela havia sido destruída para dar passagem a uma estrada interplanetária anos antes –, mas também por que tudo estava absolutamente igual ao que era, exceto pelo misterioso desaparecimento dos golfinhos, Arthur começa uma nova jornada.
 

Uma das poucas pessoas que poderiam ajudá-lo a compreender toda a história é Fenchurch, uma linda garota que tem surtos psicóticos desde que teve uma revelação transcendental sobre o porquê de as coisas darem sempre tão errado para os humanos.
 

Decididos a encontrar a verdade, Arthur e sua nova companheira tentam descobrir se a CIA é mesmo a responsável por tudo, produzindo alucinações coletivas ao testar uma nova arma química, embora não acreditem nem um pouco nessa versão.
 

Juntos, Arthur e Fenchurch vivem um grande, profundo e divertido amor, cheio de beleza e poesia, mas repleto das mais inusitadas situações, enquanto procuram o motivo de tanta confusão.
 

Teriam os dois imaginado tudo aquilo? Mas, então, onde estariam os golfinhos? E o que queriam dizer com a mensagem ""Até mais, e obrigado pelos peixes!""? Isso é o que você e Arthur Dent estão prestes a descobrir!
"
Branca dos Mortos e os Sete Zumbis,Abu Fobiya,,Branca dos Mortos e os Sete Zumbis.jpg,"Em 'Branca dos Mortos e os Sete Zumbis', Fábio Yabu resgata a tradição clássica dos contos de fadas dos irmãos Grimm e de Hans Christian Andersen, onde as histórias, mais que um simples entretenimento, servem como lições para moldar o caráter das crianças, na maior parte das vezes por meio do medo. Aqui, não há meias-palavras nem eufemismos. O mundo encantado de Yabu é atormentado, sombrio e com altas doses de tensão sexual. 
 

Os contos seguem o mote de sucessos da televisão atual, como as séries Grimm e Once Upon a Time. Protagonizadas por personagens dos contos de fadas, revelam facetas nunca antes imaginadas de suas personalidades. Além disso, os doze contos que compõem Branca dos Mortos e os sete zumbis formam uma narrativa não-linear que culmina num desfecho aterrorizante. 
 

A obra ainda conta com as ilustrações de Michel Borges, que acompanha o autor desde seus primeiros projetos. As ilustrações de Michel homenageiam os desenhos clássicos dos contos de fadas, com toques sombrios, e complementam a atmosfera sinistra e misteriosa criada por Yabu.
"
Brisingr,Christopher Paolini,Rocco,Brisingr.jpg,"Primeira palavra da língua antiga aprendida por Eragon, Brisingr tem um significado especial para o jovem Cavaleiro de Dragão, mas Christopher Paolini adianta que sua importância para o protagonista é ainda maior do que o próprio Eragon poderia imaginar. “Brisingr foi uma das primeiras palavras que eu imaginei para este título”, declarou Paolini, “e ela sempre soou certa para mim.” No novo livro, os leitores descobrirão seu real significado para o herói desta saga que conquistou milhões de leitores ao redor do mundo.
"
Caçadores de trolls,Guillermo Del Toro & Daniel Kraus,Intrínseca,Cacadores de trolls.jpg,"O estilo inconfundível e marcante de Guillermo del Toro, sempre envolvendo universos mágicos, criaturas fantásticas e histórias espantosas, está presente em toda a sua obra como cineasta, roteirista, produtor e autor. Em Caçadores de trolls, ele presenteia os leitores com uma história sombria e de dar arrepios, com ilustrações capazes de nos transportar para um mundo paralelo apavorante. Jim Sturges é o típico adolescente na cidade de San Bernardino: tem um pai superprotetor, um melhor amigo meio desajeitado e uma paixão platônica por uma menina que nem sabe que ele existe. Mas isso tudo muda quando um mistério de décadas ressurge, ameaçando a vida de todos os moradores da entediante cidadezinha. Junto com um grupo de heróis improváveis, Jim terá que enfrentar monstros com um gosto especial por carne humana. Um livro sobre os medos e criaturas que se ocultam onde menos se espera.
"
Caixa de pássaros,Josh Malerman,,Caixa de passaros.jpg,"Romance de estreia de Josh Malerman, Caixa de pássaros é um thriller psicológico tenso e aterrorizante, que explora a essência do medo. Uma história que vai deixar o leitor completamente sem fôlego mesmo depois de terminar de ler.
Basta uma olhadela para desencadear um impulso violento e incontrolável que acabará em suicídio. Ninguém é imune e ninguém sabe o que provoca essa reação nas pessoas. Cinco anos depois do surto ter começado, restaram poucos sobreviventes, entre eles Malorie e dois filhos pequenos. Ela sonha em fugir para um local onde a família possa ficar em segurança, mas a viagem que tem pela frente é assustadora: uma decisão errada e eles morrerão.
“Malerman usa a narrativa alusiva para criar um thriller fascinante que os fãs de Stephen King vão adorar.”Publishers Weekly
“Deve ser lido de uma só vez. Ninguém ainda havia escrito uma história de terror como essa.”Hugh Howey, autor de Silo
"
Cântico de Sangue,Anne Rice,Rocco,Cantico de Sangue.jpg,"Este livro é uma história de amor e lealdade, que retorna à Fazenda Blackwood e mostra o universo do proprietário Quinn Blackwood, e sua amada, Mona Mayfair, que escapa da morte ao receber o Dom das Trevas e se tornar uma vampira. Como consequência da metamorfose de Mona, Lestat passa a ser assombrado pelo fantasma de Julian Mayfair, um espírito que é guardião da família há anos. Paralelamente, o vampiro experimenta um sentimento até então desconhecido para ele - o amor puro e verdadeiro, descoberto na figura de Rowan Mayfair, médica que, além de bruxa, é prima de Mona e foi responsável por cuidar da jovem durante os anos em que ela esteve doente. Mas levar este romance adiante não será fácil - há várias barreiras a serem superadas, sendo a maior delas Michael Curry, marido de Rowan. A transformação de Mona em um ser imortal lhe dá forças para tentar solucionar um mistério - a localização de sua filha, Morrigan, levada pouco depois de nascer e cujo parto foi a causa da doença da mãe. Durante a jornada em busca da desaparecida, Lestat, Mona e Quinn encontram uma ilha particular na costa do Haiti, dominada por traficantes de drogas e habitada por seres monstruosos - os Taltos, criaturas com as quais a família Mayfair tem uma ligação que remonta a gerações ancestrais. O destino de Morrigan é conhecido por três representantes da espécie - Oberon, Miravelle e Larkyn, filhos do milionário Ash Templeton, que, no passado, fez amizade com Rowan e Michael.
"
Carrie a Estranha,Stephen King,,Carrie a Estranha.jpg,"Carrie, a Estranha narra a atormentada adolescência de uma jovem problemática, perseguida pelos colegas, professores e impedida pela mãe de levar a vida como as garotas de sua idade. Só que Carrie guarda um segredo: quando ela está por perto, objetos voam, portas são trancadas ao sabor do nada, velas se apagam e voltam a iluminar, misteriosamente.
 

Aos 16 anos, desajustada socialmente, Carrie prepara sua vingança contra todos os que a prejudicaram. A vendeta vem à tona de forma tão furiosa e amedrontadora que até hoje permanece como exemplo de uma das mais chocantes e inovadoras narrativas de terror de todos os tempos.
 

Com tantos ingredientes de suspense, Carrie, a Estranha logo se transformou num enorme sucesso internacional e passou a integrar a mitologia americana. Ao ser transportado para as telas, em 1976, pelas mãos de Brian de Palma, teve a atriz Sissy Spacek e John Travolta em seus papéis principais.
"
Celular,Stephen King,,Celular.jpg,"Onde você estava no dia 1º de outubro? O protagonista desta história, Clay Riddell, estava em Boston, quando o inferno surgiu diante de seus olhos. Bastou um toque de celular para que tudo se transformasse em carnificina. Stephen King – que já nos assustou com gatos, cachorros, palhaços, vampiros, lobisomens, alienígenas e fantasmas, entre outros personagens malévolos – elegeu os zumbis como responsáveis pelo caos desta vez.
 

Depois de anos de tentativas frustradas, o artista gráfico Clay Riddell finalmente consegue vender um de seus livros de histórias em quadrinhos. Para comemorar, decide tomar um sorvete. Mas, antes de poder saboreá-lo, as pessoas ao seu redor, que por acaso falavam ao celular naquele momento, enlouquecem.
 

Fora de si, começam a atacar e matar quem passa pela frente. Carros e caminhões colidem e avançam pelas calçadas em alta velocidade, destruindo tudo. Aviões batem nos prédios. Ouvem-se tiros e explosões vindos de todas as partes. 
 

Neste cenário de horror, Clay usa seu pesado portfolio para defender um homem prestes a ser abatido, Tom McCourt, e eles se tornam amigos. Juntos, eles resgatam Alice Maxwell, uma menina de 15 anos que sobreviveu a um ataque da própria mãe.
 

Os três sortudos — entre outros poucos que estavam sem celular naquele dia — tentam se proteger ao mesmo tempo em que buscam desesperadamente o filho de Clay. Assim, em ritmo alucinante, se desenrola esta história. O desafio é sobreviver num mundo virado às avessas. Será possível?
"
Cemitério de Praga,Umberto Eco,,Cemiterio de Praga.jpg,"Durante o século XIX, entre Turim, Palermo e Paris, encontramos uma satanista histérica, um abade que morre duas vezes, alguns cadáveres num esgoto parisiense, um garibaldino que se chamava Ippolito Nievo, desaparecido no mar nas proximidades do Stromboli, o falso bordereau de Dreyfus para a embaixada alemã, o aumento gradual daquela falsificação conhecida como Os Protocolos dos Sábios Anciãos de Sião, que inspirará a Hitler os campos de extermínio, jesuítas que tramam contra os maçons, maçons, carbonários e mazzinianos que estrangulam os padres com as suas próprias tripas, um Garibaldi artrítico com as pernas tortas, os planos dos serviços secretos piemonteses, franceses, prussianos e russos, os massacres numa Paris da Comuna em que se comem os ratos, golpes de punhal, horrendas e fétidas reuniões por parte de criminosos que entre os vapores do absinto planeiam explosões e revoltas de rua, barbas falsas, falsos notários, testamentos enganosos, irmandades diabólicas e missas negras.
 
"
Chamado às Armas,Elle Casey,Geração Editorial,Chamado as Armas.jpg,"Chegou a hora da guerra no segundo volume da série 'A Guerra dos Fae! 
 

Em Chamado às Armas', os Fae da luz são convocados a fazer uma importante mudança e treinar seus dons mágicos para enfrentar os Fae das Trevas. 
 

Jayne Sparks e seus amigos Spike, Chase, Finn e Becky estão na iminência de uma guerra sangrenta e devem sofrer uma mudança, como crianças trocadas, para serem membros dos Fae da Luz com identidades mágicas. Poderão se transformar em elfos, ninfas, daemons, íncubos, anões e duendes verdes, querendo ou não aceitar suas novas identidades, desapontando-se com elas ou não. 
 

Como será resolvida a questão entre os Fae da Luz e os Fae das Trevas? 
 

Serão Jayne e seu grupo de amigos capazes de dar conta de uma missão tão espinhosa? Muitas respostas a estas perguntas, e outras tantas que foram provocadas pelo primeiro volume da série, serão respondidas aos leitores. E surgirão novos e fascinantes enigmas.
"
Circo dos Horrores,Darren Shan,,Circo dos Horrores.jpg,"Se esta fosse uma trama inventada, começaria à noite, com raios, tempestade, corujas piando e barulhos debaixo da cama. Mas trata-se de uma história real, segundo Darren Shan, autor e protagonista de Circo dos Horrores, uma das mais arrepiantes séries de terror para jovens acima de 10 anos.
 

A história começa mesmo de dia, em pleno período escolar, quando Darren e seu amigo Lucas vão assistir a um show no Circo de Horrores. A descoberta é para ambos o início de uma aventura mortal no mundo das trevas.
"
Coelhoberto Pascoal e os ovos guerreiros no centro da Terra!,William Joyce,,Coelhoberto Pascoal e os ovos guerr.jpg,"Depois de Nicolau São Norte, primeiro livro da bem-sucedida série Os Guardiões da Infância, que deu origem ao filme A origem dos Guardiões, William Joyce dá vida (e que vida!) a mais um ícone da infância em Coelhoberto Pascoal e os ovos guerreiros no centro da Terra. Com sua imaginação sem limites, Joyce transforma o bom e velho coelho da Páscoa num Guardião muito especial dos sonhos das crianças.
 

Afinal, além de fazer os mais deliciosos chocolates, Coelhoberto Pascoal é capaz de cruzar a galáxia num segundo e, com seus ovos guerreiros, ele pode finalmente pôr um fim na batalha contra o Rei dos Pesadelos.
"
Colin Cosmo e os Supernaturalistas,Eoin Colfer,,Colin Cosmo e os Supernaturalistas.jpg,"Em um futuro próximo, o jovem Colin Cosmo é mandado para um orfanato, no qual é forçado a trabalhar sem descanso, além de servir de cobaia para um monte de testes. Ele decide fugir e para isso conta com a ajuda dos Supernaturalistas, garotos que, como ele possuem uma certa habilidade especial. O que eles não imaginavam é que iriam descobrir um terrível segredo que poderia destruir o mundo.
"
Como Ser um Pirata,Cressida Cowell,,Como Ser um Pirata.jpg,"Soluço Spantosicus Strondus III foi o mais grandioso herói já visto em todo o território viking. Ele era bravo, impetuoso e muitíssimo inteligente. Mas até mesmo os grandes heróis podem ter dificuldades no começo. Principalmente se têm como companheiro um dragãozinho teimoso e mal-educado.
 

Neste livro, Soluço conta uma aventura do início de sua história - quando ele ainda tinha muito o que aprender sobre como usar uma espada, sobreviver a naufrágios, escapar de dragões homicidas e desvendar os mistérios de um tesouro pirata muito bem escondido.
"
Como Treinar o seu Dragão,Cressida Cowell,,Como Treinar o seu Dragao.jpg,"Soluço Spantosicus Strondus III foi um extraordinário herói viking. Chefe guerreiro, mestre no combate com espadas, era conhecido por todo o território viking como ""O encantador de dragões"", devido ao poder que exercia sobre as terríveis feras. Mas nem sempre foi assim... 
 
Neste livro estão as memórias da época em que Soluço era apenas um garoto normal. Muito normal. Nem um pouco heroico. Ele precisava desesperadamente capturar e treinar um dragão, e teria de ser o animal mais impressionante de todos. Mas tudo o que conseguiu foi uma criaturinha pequena e banguela, nada ameaçadora. Foi então que seu destino de herói começou a ser traçado. 
 
Inteiramente ilustrado, com muita ação e o tipo de humor que arranca gargalhadas até dos mais carrancudos, Como treinar o seu dragão é o primeiro livro de uma série que é sucesso mundial, escrita e ilustrada pela inglesa Cressida Cowell, autora premiada de obras infantis e infantojuvenis.
"
Contos dos irmãos Grimm,Irmãos Grimm,,Contos dos irmaos Grimm.jpg,"Contos diversos dos irmãos Grimm
"
Convergente,Veronica Roth,,Convergente.jpg,"A sociedade baseada em facções, na qual Tris Prior acreditara um dia, desmoronou – destruída pela violência e por disputas de poder, marcada pela perda e pela traição. Portanto, diante da chance de explorar o mundo além dos limites que ela conhecia, Tris não hesita. Talvez, assim, ela e Tobias possam ter uma vida simples e nova juntos, livres de mentiras complicadas, lealdades suspeitas e memórias dolorosas. No entanto, a nova realidade de Tris torna-se ainda mais alarmante do que aquela deixada para trás. Antigas descobertas rapidamente perdem o sentido. Novas verdades explosivas transformam os corações daqueles que ela ama. Então, mais uma vez, Tris é obrigada a compreender as complexidades da natureza humana – e a si mesma –, enquanto convergem sobre ela escolhas impossíveis que exigem coragem, fidelidade, sacrifício e amor.
"
Corrente Sanguínea,Tess Gerritsen,,Corrente Sanguinea.jpg,"Claire Elliot, uma médica de renome em Baltimore, acabou de perder o marido, e sente que o filho adolescente está assustado e traumatizado pela morte do pai. Para afastá-lo das más companhias e da violência, Claire escolhe uma pequena cidade como refúgio: Tranquility, às margens do lago Locust. Tudo parece bem até que os primeiros sinais do inverno surgem, e com eles, uma tragédia: um jovem, um de seus primeiros pacientes em Tranquility, é dominado pelo ódio e tenta assassinar a família inteira. A cidade tenta pôr a culpa do repentino ato violento no tratamento administrado pela médica recém-chegada, mas Claire desconfia de que haja algo suspeito por trás desse acontecimento sinistro. Seus pressentimentos são confirmados quando surgem outros casos de violência, e suas incansáveis pesquisas mostram que não é a primeira vez que tais surtos acontecem no local: adolescentes ferindo seus pais, irmãos e amigos... Uma vez a cada 50 anos, a cidade é tomada por ondas de crimes assustadores. Embora os rumores apontem atividades macabras e bruxaria como possíveis causas desse fenômeno, Claire começa a suspeitar de que a violência seja fruto de uma epidemia, transmitida por uma substância não identificada, passando de criança a criança, infectando seus cérebros e deixando-as fora de controle. Claire precisará pesquisar a fundo a causa dos ataques, com a ajuda do chefe de polícia, de uma arqueóloga interessada nos antigos casos de violência na cidade e da única moradora que não tem medo de falar sobre o passado trágico de Tranquility. Mas, quando menos espera, ela se depara com uma ameaça ainda pior. O tempo está contra a médica: não só toda a cidade pode estar em perigo, como seu filho parece cada vez mais distante e inquieto...
"
Correr ou Morrer,James Dashner,,Correr ou Morrer.jpg,"Ao acordar dentro de um escuro elevador em movimento, a única coisa que Thomas consegue lembrar é de seu nome. Sua memória está completamente apagada. Mas ele não está sozinho.
 

Quando a caixa metálica chega a seu destino e as portas se abrem, Thomas se vê rodeado por garotos que o acolhem e o apresentam à Clareira, um espaço aberto cercado por muros gigantescos. Assim como Thomas, nenhum deles sabe como foi parar ali, nem por quê. Sabem apenas que todas as manhãs as portas de pedra do Labirinto que os cerca se abrem, e, à noite, se fecham. E que a cada trinta dias um novo garoto é entregue pelo elevador. Porém, um fato altera de forma radical a rotina do lugar - chega uma garota, a primeira enviada à Clareira. E mais surpreendente ainda é a mensagem que ela traz consigo.
 

Thomas será mais importante do que imagina, mas para isso terá de descobrir os sombrios segredos guardados em sua mente e correr, correr muito. 
"
Cristo Senhor: A Saída do Egito,Anne Rice,,Cristo Senhor_ A Saida do Egito.jpg,"Muito já foi dito sobre a fase adulta de Jesus Cristo. Mas como teria sido a infância de um dos maiores símbolos da fé católica? Em Cristo Senhor – A saída do Egito, Anne Rice nos mostra Jesus aos 7 anos, tomando consciência aos poucos de que é diferente das outras crianças e tentando entender por que isso acontece. A autora mescla uma minuciosa pesquisa histórica a elementos de ficção para apresentar um Cristo humanizado, que conduz a narrativa em primeira pessoa e divide com os leitores suas dúvidas, seus medos e suas descobertas.
 

A trama começa no Egito, para onde José, Maria e alguns parentes fugiram, a fim de manter o filho de Deus a salvo da fúria do rei Herodes. Até o dia em que um anjo avisa a José que é hora de voltar para casa: a cidade de Nazaré, na região ocupada atualmente por Israel. Antes, entretanto, eles decidem fazer uma parada para acompanhar a grande festa da Páscoa no Templo de Jerusalém. Mas, com a morte de Herodes, a cidade é invadida por soldados que cancelam a comemoração e espalham um rastro de sangue e terror. Assustada, a família de Jesus continua a jornada até Nazaré, se deparando com homens violentos no caminho e ouvindo rumores sobre as batalhas entre os romanos, que dominavam a região, e os rebeldes que pretendiam tomar o poder.
 

Desde o início do livro, percebemos um Cristo totalmente sintonizado com o judaísmo, cuja educação é baseada na Torá e nas tradições orais contidas nela. Uma das fontes de consulta de Anne Rice foram os Evangelhos Apócrifos, que descrevem milagres feitos por Jesus ainda criança, como dar vida a pássaros de barro moldados durante uma aula em Alexandria, no Egito. Por não ter a exata dimensão de seus dons, o filho de Deus mata Eleazar, um vizinho valentão que costumava persegui-lo, e acaba trazendo-o de volta à vida, causando uma grande confusão. Ao mesmo tempo que vai percebendo do que é capaz, Jesus fica cada vez mais curioso a respeito de seu passado e das histórias que envolvem seu nascimento. Ele sabe que não é filho de José, mas tanto o carpinteiro quanto Maria o proíbem de fazer perguntas, dizendo que lhe contarão tudo quando chegar a hora.
 

Com o passar dos meses, Jesus começa a juntar todas as peças que encontra para tentar desvendar sozinho o seu passado. Fragmentos de conversas em família, lembranças de passagens da própria vida e histórias contadas por um rabino ajudam a montar o quebra-cabeça, que só fica completo quando Maria finalmente decide revelar tudo ao filho. Nas últimas páginas de Cristo Senhor, quem faz revelações é a autora, descrevendo a ligação dela com o catolicismo, o motivo de ter rompido com a Igreja e o retorno à fé católica, em 1998. Anne Rice ainda oferece aos leitores detalhes da extensa pesquisa feita para escrever a obra, avalia suas fontes de consulta e narra o processo que a levou a querer contar a infância de Jesus.
"
Depois da Terra,Peter David,,Depois da Terra.jpg,"Cypher Raige, o líder supremo do Corpo de Guardiões, é herói de uma longa tradição familiar. Por mil anos, desde que o apocalipse ambiental forçou o êxodo da humanidade do planeta Terra, os membros da família Raige foram essenciais para a salvação da espécie humana. 
 

Kitai Raige, seu filho, é um jovem de 13 anos tentando provar que está à altura do pai. Após longo período em serviço militar, Cypher leva Kitai para uma viagem, buscando compensar a ausência. Porém, um asteróide atinge a nave, provocando uma aterrissagem forçada na Terra, o que deixa Cypher com ferimentos graves. 
 

Com a vida do pai em risco, o jovem é obrigado a se aventurar pelo terreno hostil do planeta desconhecido. O relacionamento entre os dois e as habilidades de Kitai como guardião serão postos à prova. 
"
Divergente,Veronica Roth,,Divergente.jpg,"Nesta versão futurista da cidade de Chicago, a sociedade se divide em cinco facções dedicadas ao cultivo de uma virtude – a Abnegação, a Amizade, a Audácia, a Franqueza e a Erudição. Aos dezesseis anos, numa grande cerimônia de iniciação, os jovens são submetidos a um teste de aptidão e devem escolher a que grupo querem se unir para passar o resto de suas vidas. Para Beatrice, a difícil decisão é entre ficar com sua família ou ser quem ela realmente é – não pode ter os dois. Então, faz uma escolha que surpreende a todos, inclusive a ela mesma. Durante a iniciação altamente competitiva que se segue, Beatrice muda seu nome para Tris e se esforça para decidir quem são realmente seus amigos – e onde se encaixa na sua nova vida um romance com um rapaz fascinante, porém perturbador. Mas Tris também tem um segredo, que mantém escondido de todos, pois poderia significar sua morte. Ao descobrir um conflito crescente que ameaça destruir sua sociedade aparentemente perfeita, ela também aprende que seu segredo pode ajudá-la a salvar aqueles que ama... ou destruí-la. A autora estreante Veronica Roth explodiu na cena literária com o primeiro livro da série DIVERGENTE – uma distopia cheia de decisões eletrizantes, traições devastadoras, consequências espetaculares e um romance inesperado.
"
Divina Vingança,Robin LaFevers,V&R Editoras,Divina Vinganca.jpg,"Sybella nunca soube ao certo o que era amor. Não sem segunda intenções. Desde sua infância, ela teve de confiar em si mesma para conseguir sobreviver. Ao chegar no convento de Saint Mortain, Sybella recebe o refúgio de que tanto precisava, porém isso terá o seu preço. As irmãs, que servem ao deus da Morte, percebem que a garota tem atributos e que ela pode se tornar uma arma poderosa.
 

Ela vive durante três anos no convento e é treinada para enfrentar quem quer seja. Sybella já não é mais uma garotinha inocente, e sabe disso. Agora é uma mulher madura e totalmente preparada, uma assassina experiente, que mata a quem merece e o faz por gosto e sem piedade. Nunca se arrepende de suas decisões. Pelo contrário, ela sabe onde se encontram seus pontos fortes e como usá-los para cumprir sua missão. Porém, ela é enviada de volta para o lugar onde passou sua infância, para espionar seu pai, o cruel D’Albret.
 

Ela começa a se lembrar de coisas horríveis que aconteceram enquanto estava sob o domínio dele e decide compartilhar com Fera, quem, fora do convento, torna-se seu companheiro. Juntos eles redescobrem a confiança e o amor. Assim, Sybella caminha por uma teia complexa de vingança e ódio, em busca de seus traidores, que levam a marca do deus da Morte. Ambientado da França medieval, Divina Vingança é o segundo livro de O clã das freiras assassinas, uma trilogia de mulheres fortes em busca de seu próprio destino.
"
Dragão Vermelho,Thomas Harris,,Dragao Vermelho.jpg,"Dragão Vermelho é a história de um agente do FBI, especializado em serial killers. Ele entra em colapso após a caçada a um psicopata extremamente perigoso. Mas seus serviços são novamente requisitados quando um serial killer começa a matar famílias inteiras, quebrando espelhos da casa e colocando os cacos diretamente nos olhos das vitímas. E para resolver esse caso, ele conta, a contra gosto, com a ajuda de um de seus maiores inimigos, o psiquiatra sociopata, o doutor Hannibal Lecter.
"
Duma Key,Stephen King,,Duma Key.jpg,"Um acidente terrível em um canteiro de obras arranca o braço e a mão direitos de Edgar Freemantle e embaralha sua memória e sua mente. A raiva é praticamente tudo o que lhe resta enquanto inicia sua penosa recuperação. O casamento que gerou duas filhas maravilhosas termina de repente e Edgar começa a desejar não ter sobrevivido às lesões que quase o mataram. 
 

Seu psicólogo sugere uma ""cura geográfica"", uma nova vida longe das cidades gêmeas de Minneapolis-Saint Paul e da empresa que ele construiu do nada. E sugere que Edgar também retome o hábito de desenhar. Ele troca, então, Minnesota por uma casa alugada em Duma Key, uma ilhota de beleza extraordinária e estranhamente subdesenvolvida na costa da Flórida. Lá, ele ouve o chamado do sol se pondo no Golfo do México e da maré chacoalhando as conchas na praia - e desenha. 
 

Uma visita de Ilse, sua filha mais querida, o incentiva a abandonar a solidão. Ele encontra um amigo em Wireman - um homem que reluta em revelar suas próprias feridas - e, posteriormente, em Elizabeth Eastlake - uma idosa cujas raízes estão fincadas em Duma Key. Edgar passa a pintar - às vezes de modo febril -, e seu talento em combustão se revela tanto uma dádiva quanto uma arma. Muitos de seus quadros têm um poder que não pode ser controlado. 
 

Quando os fantasmas do passado de Elizabeth começam a surgir, descobrimos o perigo que suas pinturas surreais representam. Ao nos revelar a tenacidade do amor, os riscos da criatividade, os mistérios da memória e a natureza do sobrenatural, Stephen King escreve um romance ao mesmo tempo sublime, cativante e assustador.
"
El Arte de Bibi,Tiago Toy,Estronho,El Arte de Bibi.jpg,"Cassius recebe um diagnóstico terrível e decide encher a cara para esquecer. Em um bar de vinhos conhece Bibi Mancini, uma misteriosa garota que confessa ter desejos difíceis de satisfazer. Entregue à bebedeira, Cassius descobrirá o quão estranhos são esses desejos na experiência mais surreal de sua vida, e entenderá que Bibi não é uma garota normal. Um conto erótico e fantástico, lançado exclusivamente em ebook, onde o pompoarismo vem banhado a um bom vinho e as sensações não são o que sugerem ser.
"
Eldest,Christopher Paolini,Rocco,Eldest.jpg,"Eldest acompanha o amadurecimento do jovem guerreiro protagonista da história e mostra também o crescimento de Christopher Paolini como escritor. Agora com 20 anos, o jovem autor utiliza técnicas narrativas mais complexas para contar as aventuras e os desafios encarados por Eragon. “Ousei mais neste segundo livro e usei técnicas que não tinha usado no primeiro, como trocar pontos de vista e trabalhar de maneira mais completa os personagens e suas emoções”, explica o escritor.
"
Em Chamas,Suzanne Collins,,Em Chamas.jpg,"Depois de ganhar os Jogos Vorazes, competição entre jovens transmitida ao vivo para todos os distritos de Panem, Katniss agora terá que enfrentar a represália da Capital e decidir que caminho tomar quando descobre que suas atitudes nos jogos incitaram rebeliões em alguns distritos. 
 

Os jogos completam 75 anos, momento de se realizar o terceiro Massacre Quaternário, uma edição da luta na arena com regras ainda mais duras que acontece a cada 25 anos. Katniss e Peeta, então, se veem diante de situação totalmente inesperada e, dessa vez, além de lutar por suas próprias vidas, terão que proteger seus amigos e familiares e, talvez, todo o povo de Panem.
"
Emma,Jane Austen,,Emma.jpg,"Emma Woodhouse, uma jovem bonita, inteligente e encantadora, está decidida a jamais se casar. Ela já possui toda a fortuna e a independência de que precisa e sente-se perfeitamente satisfeita com sua situação, o que não a impede de se divertir planejando casamentos entre as pessoas que a cercam. 
 

Ao conhecer Harriet Smith, uma moça de status social mais baixo, Emma decide ajudá-la a encontrar um pretendente que seja um verdadeiro cavalheiro. Porém, a jovem descobre que interferir demasiadamente na vida dos outros pode por em risco a própria felicidade.
 

Para garanti- la, Emma deve superar seus preconceitos e compreender melhor o que se passa em seu coração. Marcado pela inigualável ironia de Jane Austen e repleto de diálogos geniais, Emma é um retrato vívido da situação das mulheres na Inglaterra do início do século XIX.
"
Enders,Lissa Price,Novo Conceito,Enders.jpg,"Depois que a Prime Destinations foi demolida, Callie pensou que teria paz para viver ao lado do irmão, Tyler, e do amigo, Michael. O banco de corpos foi destruído para sempre, e Callie nunca mais terá de alugar-se para os abomináveis Enders. No entanto, ela e Michael têm o chip implantado no cérebro e podem ser controlados. Além disso, o Velho ainda se comunica com Callie. 
 

O pesadelo não terminou. Agora, Callie procura uma maneira de remover o chip – isso pode custar sua vida, mas vai silenciar a voz que fala em sua mente. Se continuar sob o domínio dos Enders, Callie estará constantemente sujeita a fazer o que não quer, inclusive contra as pessoas que mais ama. Callie tem pouco tempo. Obstinada por descobrir quem é de fato o Velho e desejando, mais que tudo, uma vida normal para si e para o irmão, ela vai lutar pela verdade. Custe o que custar.
"
Enquanto Bela Dormia,Elizabeth Blackwell,,Enquanto Bela Dormia.jpg,"Nos salões de um castelo, uma confidente leal guardou por muitos anos os segredos de uma rainha linda e melancólica, uma princesa que só queria ser livre e uma mulher que sonhava com a coroa. Esta é sua história.
 

Ambientada em meio ao luxo e às agruras de um reino medieval, esta releitura de A Bela Adormecida consegue ser fiel ao clássico ao mesmo tempo que constrói uma narrativa recheada de elementos contemporâneos. Nessa mescla, os dramas de seus personagens – um casal infértil, uma jovem que não aceita viver em uma redoma e uma família despedaçada pela inveja – tornam-se atemporais. 
 

Quando a rainha Lenore não consegue engravidar, recorre aos supostos poderes mágicos da tia do rei, Millicent. Com sua ajuda, nasce Rosa, uma menina linda e saudável. No entanto, a alegria logo dá lugar às sombras: o rei expulsa de suas terras a tia arrogante, que então jura se vingar. Seu ódio se torna a maldição que ameaça a vida de Rosa. Assim, a menina cresce presa entre os muros do castelo, cercada dos cuidados dos pais e de Flora, a tia bondosa e dedicada do rei que encarna a fada boa do conto original. 
 

Mas quando todas as tentativas de proteger Rosa falham, é Elise, a dama de companhia e confidente da princesa, sua única chance de se manter viva. E é pelos olhos dessa narradora improvável que conhecemos todos os personagens, nos surpreendemos com o destino de cada um e descobrimos que, quando se guia pelo amor – a magia mais poderosa do mundo –, qualquer pessoa é capaz de criar o próprio final feliz.
"
Entrevista com o Vampiro,Anne Rice,Rocco,Entrevista com o Vampiro.jpg,"Uma história que começa com a ousadia de um jovem repórter ao entrevistar Louis de Pointe du Lac, nascido em 1766 e transformado em vampiro pelo próprio Lestat, figura apaixonante que terminará, ao longo da série, arrebatando multidões como cantor de rock. Louis, esse vampiro que se recusa a livrar-se das características humanas e aceitar a crueldade e a frieza que marcam os vampiros, continua a contar a história desde o início. É um mundo de uma fantasia impressionante, um mundo gótico, romântico, esse criado por Anne Rice e traduzido por Clarice Lispector. O texto da autora americana não poderia ter melhor intérprete, talvez mesmo cúmplice.
"
Eragon,Christopher Paolini,Rocco,Eragon.jpg,"Eragon é uma história repleta de ação, vilões e locais fantásticos, com dragões e elfos, cavaleiros, lutas de espadas, inesperadas revelações e uma linda donzela. Inspirado em JRR Tolkien, que criou idiomas para os diálogos de seus personagens, Paolini utiliza o norueguês medieval para a linguagem dos elfos e inventa expressões específicas para os anões e os urgalos, de modo a dar veracidade ao lendário reino de Alagaësia, onde a guerra está prestes a começar.
"
Escola de vilões,Jen Calonita,,Escola de viloes.jpg,"Gilly não se considera exatamente uma garota má... Porém, quando se tem cinco irmãos e irmãs mais novos, é preciso ser criativo para ajudar nas despesas. Ela é uma ladra muito boa, e disso tem certeza e pode se gabar. Até ser pega.
 

Depois de roubar uma presilha, é sentenciada a passar três meses no Reformatório de Contos de Fadas – no qual os professores são aqueles antigos vilões que já conhecemos, como o grande Lobo Mau e a malvada Madrasta da Cinderela. Quando, porém, ela faz amizade com alguns estudantes, como Jax e Kayla, aprende que esse reformatório vai muito além de sua missão heroica. Há uma batalha ganhando forma e Gilly precisa descobrir: os vilões podem realmente mudar?
 

Descubra o Lado B dos contos de fadas.
"
Eu Sou a Lenda,Richard Matheson,,Eu Sou a Lenda.jpg,"Robert Neville é o último homem vivo sobre a Terra... mas ele não está sozinho. Cada outro homem, mulher e criança na Terra se tornou um vampiro, e todos estão famintos pelo sangue de Neville. De dia, ele é o caçador, caçando os não mortos adormecidos através das ruínas abandonadas da civilização. À noite, se entrincheira em sua casa e reza pela madrugada.Quanto tempo pode um homem sobreviver num mundo de vampiros? ""Acho que o autor que mais me influenciou como escritor foi Richard Matheson. Livros como Eu Sou a Lenda foram uma inspiração para mim."" Stephen King ""A mais inteligente e empolgante ficção sobre vampiros desde Drácula."" Dean Koontz ""Já conhecia Matheson pelo fabuloso Amor Além da Vida. Em Eu Sou a Lenda, o escritor escancara as portas do suspense e da agonia, levando o leitor a viver momentos de pura tensão e curiosidade. Um livro imperdível para os fãs de histórias de vampiros e afins.""
"
Feitiço,Sarah Pinborough,,Feitico.jpg,"Cuidado com o que você deseja! Para fãs de Once Upon a Time e Grimm, a série Encantadas prova que contos de fadas são para adultos! Você se lembra da história da Cinderela, com sua linda fada madrinha, suas irmãs feias e um príncipe encantado? Então esqueça essa história, pois nesta releitura de Sarah Pinborough ninguém é o que parece. Em um reino próximo, a realeza anuncia um baile que encontrará uma noiva para o príncipe e parece que o desejo de Cinderela irá ganhar aliados peculiares para ser realizado. 
 

Contudo, não será fácil: ela não é a aposta de sua família para esse casamento real, e sua fada madrinha precisa de um favorzinho em troca de transformar essa pobre coitada em uma diva real. Enquanto isso, parece que Lilith não está muito contente com os últimos acontecimentos e, ao mesmo tempo em que seu reino parece sucumbir ao frio, ela resolve usar sua magia para satisfazer suas vontades. Feitiço é o segundo volume da trilogia iniciada com Veneno, um best-seller inglês clássico e moderno ao mesmo tempo em que recria as personagens mais famosas dos irmãos Grimm com personalidade forte, uma queda por aventuras e, eventualmente, uma sina por encrencas. 
 

Princesas, rainhas, reis, caçadores e criaturas da floresta: não acredite na inocência de nenhum deles! Palavra da editora: Nada é o que parece no segundo volume da saga encantadas! Em Feitiço, Cinderela, com seu desejo desmensurado de fazer parte da realeza, fará qualquer coisa para obter atenção do príncipe. Mas seria mesmo este um final feliz? – Mariana Rolier
"
Formaturas Infernais,"Meg Cabot, Stephenie Meyer, Kim Harrison, Lauren Myracle, Michele Jaffe",,Formaturas Infernais.jpg,"Nessa emocionante coleção de contos de terror, as autoras bestseller Meg Cabot (O Diário da Princesa), Stephenie Meyer (Twilight), Kim Harrison, Michele Faffe e Lauren Myracle se reuniram para mostrar que a formatura pode ser um evento muito mais aterrorizante do que se pensa.
 

Problemas no guarda-roupa e um par que dança mal não são nada comparados a descobrir que vocês está dançando com a Morte – e que ela não está aqui para elogiar seu vestido. De problemas com vampiros até uma batalha entre anjos e demônios, estas cinco histórias vão divertir mais do que qualquer DJ em um terno brega.
 

Nada de limusine ou vestido de gala: só uma grande dose de assustadora diversão.
"
Fortaleza Digital,Dan Brown,,Fortaleza Digital.jpg,"Responsável por monitorar as comunicações de todo o planeta e proteger informações do governo dos Estados Unidos, a ultra-secreta NSA, a Agência de Segurança Nacional americana, investiu às escondidas numa arma revolucionária para combater a ação de grupos terroristas na era da informática. Seu trunfo é o supercomputador TRANSLTR, capaz de decifrar em poucos minutos qualquer mensagem encriptada enviada pela Internet.
 

Quando o infalível TRANSLTR é paralisado por um misterioso código, a agência convoca a chefe do Departamento de Criptografia, a matemática Susan Fletcher, para investigar o que está acontecendo.
 

Susan faz uma descoberta aterradora: a NSA se tornou refém do gênio da computação Ensei Tankado.
"
Fuga,Tiago Toy,Draco,Fuga.jpg,"Em Terra Morta: Fuga, o leitor acompanhará uma saga de sobrevivência ao terrível mal que assolou o interior de São Paulo e agora se dirige à capital. 
Tiago é um rapaz introspectivo que sempre sonhou em viver na megalópole de São Paulo e buscar novos desafios. Só não imaginava que sua chance chegaria da pior maneira possível. Jaboticabal, sua cidade natal, é o cenário de um terrível apocalipse zumbi, uma tragédia que parece saída de um videogame ou filme de terror. 
De repente, o jovem acostumado a treinos de parkour e muito trabalho precisa lutar para sobreviver. Nenhum local é seguro, ninguém mais é confiável, água e comida não são mais garantidas no dia a dia. Mesmo que a mente custe a acreditar, não há tempo para duvidar da realidade. A única opção é fugir. 
A cada pessoa que Tiago encontra, uma surpresa. Aliado ou inimigo? Nunca uma certeza. 
Tiago e seus companheiros deverão enfrentar o passado e seus medos, e em meio a um mar de zumbis canibais, descobrirão que o maior inimigo ainda são os humanos. 
Descubra a origem da infecção enquanto corre sem parar, uma aventura dramática que é sucesso na internet e agora se torna uma série de livros. Pegue apenas o necessário e corra sem olhar para trás.
"
Hannibal,Thomas Harris,,Hannibal.jpg,"Após o banho de sangue que Hannibal causou ao fugir do presídio, ele consegue fugir primeiro para o Brasil, onde consegue bons documentos falsos e depois para a Itália, onde, com nova identidade e novo rosto, tenta começar uma vida nova, sendo o curador de um Museu. Mas o vício não o abandona tão facilmente... Enquanto isso, nos Estados Unidos, o FBI não desistiu de prendê-lo, usando a agora Agente Clarice Starling, que já tem um bom conhecimento sobre o caso e está em maus lençóis depois de uma operação policial mal feita. Mas o maior problema de Hannibal não é a polícia! 
 

Acontece que uma de suas primeiras vítimas, o rico e inescrupuloso Mason Verger, que foi completamente desfigurado pelo Dr. Lecter, só pensa em vingança. Além de um parafuso a menos, ele sempre está um passo a frente do FBI e sabe que seu objetivo está mais próximo que nunca de se realizar, com uma vingança, que pode ser considerada no mínimo, surpreendente e bizarra! Agora, parece que o Dr. Lecter, de caçador, passa a ser a caça. Vai ser preciso muito mais que seus dentes para se safar dessa rede. 
 

Thomas Harris conseguiu fechar essa saga com chave de ouro. Brilhante, bizarro e absurdo, como descreveu o Publishers Weekly sobre o livro, é além de tudo, um aprofundamento na vida de Hannibal: seus gostos, sua infância, sua família... 
"
Hannibal - A Origem do Mal,Thomas Harris,,Hannibal - A Origem do Mal.jpg,"Hannibal Lecter é um menino como muitos: inteligente, gentil e extremamente carinhoso com a irmã, a pequena Mischa. mas os horrores da Segunda Guerra Mundial farão dete inocente menino um dos personagens mais assustadores de toda a literatura.
 

Vagando pela neve, Hannibal, de 8 anos, emerge de seu pesadelo. É mais um cambaleante sobrevivente da guerra. Está mudo e tem uma corrente em volta do pescoço. Em sua mente, a dolorosa imagem da morte dos pais, torturantes cenas de violência e apenas uma mera lembrança sobre o que pode ter acontecido à sua irmã. Por companhia, somente seus demônios.
 

Levado de volta a sua casa na Lituânia, transformada agora em orfanato, sua tortura continua - física, nas mãos de revoltados meninos mais velhos e dos inescrupulosos administradores da instituição; e psicológica, vendo nas ruínas do castelo Lecter os restos de uma infância destruída - até o momento que finalmente é encontrado pelo tio, um pintor renomado que o leva para a França, onde passará a conviver também com Lady Murasaki, sua bela e misteriosa esposa aristocrata.
 

Com a ajuda desta nova família, Hannibal tentará reconstruir sua vida. Aos poucos, recobra a fala e refaz espectativas. Aluno brilhante, torna-se o mais jovem calouro de uma faculdade de medicina. 
 

Mas os demônios de Hannibal ainda o visitam e atormentam. E quando tem idade suficiente, ele passa a retribuir as visitas. E descobre que sua ira unida a seus dons acadêmicos é a fórmula perfeita para um prodígio da morte. 
 
"
Harry Potter e a Camara Secreta,J. K. Rowling,Rocco,Harry Potter e a Camara Secreta.jpg,"É pura magia! Aranhas gigantes, cobras que matam só com o olhar, varinhas mágicas com defeito... Muitas histórias contribuem para que o leitor se encante com Harry Potter e a câmara secreta, onde ele vai reencontrar todos os pequenos heróis e amigos do livro anterior. Mas isto não será para sempre. J. K. Rowling, a autora da saga de Harry Potter, já avisou que até o sétimo livro da série, que promete ser o último, alguns personagens do bem vão morrer.
 

A trama de Harry Potter e a câmara secreta começa com o pequeno feiticeiro passando as férias na casa de seus tios trouxas (não-bruxos) e sendo, como sempre, muito maltratado. Seu aniversário de 12 anos é o pior de todos: ninguém o cumprimenta, não ganha nenhum presente, nada. O garoto, órfão de pai e mãe, chega a cantar Parabéns pra você baixinho como se quisesse, ele próprio, provar que está vivo. Para piorar, os tios o prendem num quarto cercado de grades com direito a apenas uma refeição por dia — que ele divide com sua coruja, igualmente encarcerada numa gaiola.
 

De repente, aparece um carro voador com amigos feiticeiros que livram Harry Potter dessa amargura. Essa é apenas a primeira cena em que Joanne brinca com situações-limite. Todo o livro é permeado de quase-desgraças e é, por isso mesmo, quase impossível parar de ler. A empreitada, dessa vez, consiste em localizar uma câmara secreta e liquidar o monstro que está atacando estudantes do colégio Hogwarts, no qual os pequenos feiticeiros estudam magia e se divertem aprendendo, por exemplo, a transformar as plantas usando adubo de dragão.
 

Para Harry, garoto sem família e rejeitado pelos tios, Hogwarts é tudo. Portanto, quando colegas, e até professores, começam a desconfiar que ele tem alguma participação nas tragédias que estão acontecendo no colégio, a situação fica mais complicada. Até Hermione, amiga querida de Potter, é atacada pelo monstro e se transforma numa estátua. Só resta ao nosso herói tentar resolver o mistério por conta própria. Mais uma vez, ele enfrenta o terrível bruxo das trevas e... O final é surpreendente e muito divertido.
"
Harry Potter e a Ordem da Fênix.doc,J. K. Rowling,Rocco,Harry Potter e a Ordem da Fenix.doc.jpg,"Harry Potter chegou à adolescência. E, junto com as transformações desta época tão importante, vive seus dias mais sombrios na escola de magia de Hogwarts. Anunciado por sua própria autora, a escocesa J. K. Rowling, como o livro que inaugura a fase dark do personagem, Harry Potter e a Ordem da Fênix, quinto volume da saga do jovem bruxo,. saiu em junho na Inglaterra e nos Estados Unidos, provocando uma corrida dos jovens fãs do bruxinho às livrarias. A versão brasileira tem tradução de Lia Wyler, que precisou de muito talento e rapidez para traduzir as 704 páginas em tempo recorde: como havia um contrato de sigilo cercando Harry Potter e a Ordem da Fênix, Lia recebeu o livro junto com os leitores de língua inglesa e teve pouco mais de quatro meses para concluir a tarefa.
 

O quinto volume da série Harry Potter traz a mais longa das aventuras do aprendiz de feiticeiro: tem cerca de 255 mil palavras, pesa 800 gramas e tem tudo para surpreender os leitores. J. K. Rowling chegou a revelar que chorou ao escrever a morte de um dos personagens mais ligados a Harry Potter em A Ordem da Fênix, cujo título faz menção a uma sociedade secreta envolvendo parte dos professores da Escola de Magia. No livro, Harry não é mais um garoto. Aos 15 anos, continua sofrendo a rejeição dos Dursdley, sua estranhíssima família no mundo dos ""trouxas"", ou seja, todos os que não são bruxos. Também continua contando com Rony Weasley e Hermione Granger, seus melhores amigos em Hogwarts, para levar adiante suas investigações e aventuras. Mas o bruxinho começa a sentir e descobrir coisas novas, como o primeiro amor e a sexualidade. Nos volumes anteriores, J. K. Rowling mostrou como Harry foi transformado em celebridade no mundo da magia por ter derrotado, ainda bebê, Voldemort, o todo-poderoso bruxo das trevas que assassinou seus pais. 
 

Neste quinto livro da saga, o protagonista, numa crise típica da adolescência, tem ataques de mau humor com a perseguição da imprensa, que o segue por todos os lugares e chega a inventar declarações que nunca deu. Harry vai enfrentar as investidas de Voldemort sem a proteção de Dumbledore, já que o diretor de Hogwarts é afastado da escola. E vai ser sem a ajuda de seu protetor que o jovem herói enfrentará descobertas sobre a personalidade controversa de seu pai, Tiago Potter, e a já anunciada morte de alguém muito próximo. O desaparecimento de um dos personagens centrais da trama é um dos trunfos de A Ordem da Fênix que, com isto, transforma-se no livro mais dramático da série até agora. Não foi por acaso que J. K. Rowling chegou às lágrimas escrevendo.
"
Harry Potter e a Pedra Filosofal,J. K. Rowling,Rocco,Harry Potter e a Pedra Filosofal.jpg,"Harry Potter é um garoto comum que vive num armário debaixo da escada da casa de seus tios. Sua vida muda quando ele é resgatado por uma coruja e levado para a Escola de Magia e Bruxaria de Hogwarts. Lá ele descobre tudo sobre a misteriosa morte de seus pais, aprende a jogar quadribol e enfrente, num duelo, o cruel Voldemort.
 

Com inteligência e criatividade, J. K. Rowling criou um clássico de nossos tempos. Uma obra que reúne fantasia e suspense num universo original atraente para crianças, adolescentes e adultos.
"
Harry Potter e as Relíquias da Morte,J. K. Rowling,Rocco,Harry Potter e as Reliquias da Mort.jpg,"Harry está aguardando na rua dos Alfeneiros. A Ordem da Fênix chegará em breve para transferi-lo, em segurança, do endereço de sua família trouxa, sem que Voldemort e seus seguidores saibam. A partir daí, o que Harry deverá fazer? Como será capaz de cumprir a missão, aparentemente impossível, que Dumbledore lhe deixou?
"
Harry Potter e o Cálice de Fogo,J. K. Rowling,Rocco,Harry Potter e o Calice de Fogo.jpg,"Verão, Harry Potter, agora com 14 anos, sente sua cicatriz arder durante um sonho bastante real com Lord Voldemort, o qual não consegue esquecer; três dias depois, já em companhia da família Weasley, com quem foi passar o restante das férias, na final da Copa Mundial de Quadribol, os Comensais da Morte, seguidores de Você-Sabe-Quem, reaparecem e alguém conjura a Marca Negra – o sinal de Lord Voldemort – projetando-a no céu pela primeira vez em 13 anos, causando pânico na comunidade mágica. Será que o terrível bruxo está voltando? Tudo indica que sim...
 

O ano letivo já começa agitado. Harry volta para a Escola de Magia e Bruxaria de Hogwarts para cursar a quarta série. Acontecimentos inesperados – como, por exemplo, a presença de um novo professor de Defesa contra as Artes das Trevas e um evento extraordinário promovido na escola – alvoroçam os ânimos dos estudantes. Para surpresa de todos não haverá a tradicional Copa Anual de Quadribol entre Casas. Será substituída pelo Torneio Tribuxo, uma competição amistosa entre as três maiores escolas européias de bruxaria — Hogwarts, Beauxbatons e Durmstrang — que não se realizava havia um século. A competição é dividida em tarefas, cuja finalidade é testar a coragem, o poder de dedução, a perícia em magia e a capacidade de enfrentar o perigo dos campeões. Liderados pelo professor Dumbledore, os alunos de Hogwarts terão de demonstrar todas as habilidade mágicas e não-mágicas que vêm adquirindo ao longo de suas vidas.
 

Apesar de alunos menores de 17 anos não poderem se inscrever no Torneio, inexplicavelmente Harry é escolhido pelo Cálice de Fogo, um grande copo de madeira toscamente talhado cheio até a borda com chamas branco-azuladas, para competir como um dos campeões de Hogwarts. Tendo a seu lado os fiéis amigos Rony Weasley, Hermione Granger e agora também o seu padrinho, o bruxo Sirius Black, que fugiu de Azkaban no ano anterior, o menino feiticeiro tentará escapar mais uma vez das armadilhas de Lord Voldemort.
 

Além de todos os desafios, há feitiços a serem aprendidos, poções a serem preparadas e aulas de Adivinhação, entre outras, a serem assistidas, Harry terá que lidar ainda com os problemas comuns da adolescência: amor, amizade, aceitação e rejeição.
 

Harry Potter é o tipo de livro que fascina, encanta, surpreende e prende a atenção até o último segundo. Uma série recomendada para todas as idades.
"
Harry Potter e o Enigma do Príncipe,J. K. Rowling,Rocco,Harry Potter e o Enigma do Principe.jpg,"""Harry Potter e o Enigma do Príncipe"" dá continuidade à saga do jovem bruxo Harry Potter a partir do ponto onde o livro anterior parou, o momento em que fica provado que o poder de Voldemort e dos Comensais da Morte, seus seguidores, cresce mais a cada dia, em meio à batalha entre o bem e o mal. A onda de terror provocada pelo Lorde das Trevas estaria afetando, até mesmo, o mundo dos trouxas (não-bruxos), e sendo agravada pela ação dos dementadores, criaturas mágicas aterrorizantes que ""sugam"" a esperança e a felicidade das pessoas. 
 

Harry, que acabou de completar 16 anos, parte rumo ao sexto ano na Escola de Magia e Bruxaria de Hogwarts, animado e, ao mesmo tempo, apreensivo com a perspectiva de ter aulas particulares com o professor Dumbledore, o diretor da escola e o bruxo mais respeitado em toda comunidade mágica. Harry, longe de ser aquele menino magricela que vivia no quarto debaixo da escada na casa dos tios trouxas, é um dos principais nomes entre aqueles que lutam contra Voldemort, e se vê cada vez mais isolado à medida em que os rumores de que ele é O Eleito, o único capaz de derrotar o Lorde das Trevas, se espalham pelo mundo bruxo. Dois atentados contra a vida de estudantes, a certeza de Harry quanto ao envolvimento de Draco Malfoy com os Comensais da Morte e o comportamento de Snape, suspeito como sempre, adicionam ainda mais tensão ao já inquietante período. 
 

Apesar de tudo isso, ele e os amigos são adolescentes típicos: dividem tarefas escolares e dormitórios bagunçados, correm das aulas para os treinos de quadribol, e namoram. Rony e Hermione, os melhores amigos de Harry, se dão conta (finalmente!) da atração que sentem um pelo outro; Harry e Gina, a irmã mais nova de Rony, também. Muitas peças do intricado quebra-cabeça criado por J. K. Rowling começam a se encaixar, à medida em que a escritora começa a preparar Harry (e os leitores) para o desfecho da série. Informações são reveladas por meio do uso da Penseira, um objeto que permite compartilhar memórias, utilizado por Harry e o professor Dumbledore para viajar no tempo, e por diferentes lugares, em busca de explicações sobre o passado de Voldemort. O final de ""Harry Potter e o Enigma do Príncipe"" é de parar o coração.
 
"
Harry Potter e o Prisioneiro de Azkaban,J. K. Rowling,Rocco,Harry Potter e o Prisioneiro de Azk.jpg,"As aulas estão de volta a Hogwarts e Harry Potter não vê a hora de embarcar no Expresso a vapor que o levará de volta à escola de bruxaria. Mais uma vez suas férias na rua dos Alfeneiros, 4, foi triste e solitária. Tio Válter Dursley estava especialmente irritado com ele, porque seu amigo Rony Weasley tinha lhe telefonado. E ele não aceitava qualquer ligação de Harry com o mundo dos mágicos dentro de sua casa. A situação piorou ainda mais com a chegada de tia Guida, irmã de Válter.
 

Harry já estava acostumado a ser humilhado pelos Dursley, mas quando tia Guida passou a ofender os pais de Harry, mortos pelo bruxo Voldemort, ele não agüentou e transformou-a num imenso balão. Irritado, fugiu da casa dos tios, indo se abrigar no Beco Diagonal. Lá ele reencontra Rony e Hermione, seus melhores amigos em Hogwarts e, para sua surpresa, é procurado pelo próprio Ministro da Magia. Sem que Harry saiba, o ministro está preocupado com o garoto, pois fugiu da prisão de Azkaban o perigoso bruxo Sirius Black, que teria assassinado treze pessoas com um único feitiço e traído os pais de Harry, entregando-os a Voldemort. Sob forte escolta, o garoto é levado para Hogwarts. 
 

Na escola as dificuldades são as de sempre: Severo Snape, o professor de Poções, o trata cada vez pior, enquanto ele tem de se esforçar nos treinos de quadribol, e levar Grifinória à vitória do campeonato. Para piorar a situação, os terríveis guardas de Azkaban, conhecidos por dementadores, estão de guarda nos portões da escola, caso Sirius Black tente algo contra Harry. Por fim, Harry tem de enfrentar seu inimigo para salvar Rony e obrigado a escolher entre matar ou não aquele que traiu seus pais. Com muita ação, humor e magia, Harry Potter e o prisioneiro de Azkaban traz de volta o gigante atrapalhado Rúbeo Hagrid, o sábio diretor Alvo Dumbledore, a exigente professora de transformação Minerva MacGonagall e o novo mestre Lupin, que guarda grandes surpresas para Harry.
 
"
Herança,Christopher Paolini,Rocco,Heranca.jpg,"Até bem pouco tempo, Eragon nada mais era do que um pobre garoto da fazenda, e seu dragão, Saphira, apenas uma pedra azul na floresta. Em Herança, o destino de toda uma civilização está sobre seus ombros. Fortalecidos por longos treinamentos e incontáveis batalhas, Eragon e Saphira somam muitas vitórias, mas também colecionam as dores de perdas muito difíceis. Agora, a derradeira batalha está para começar. O Cavaleiro e seu dragão chegaram mais longe do que qualquer um ousou imaginar. Mas será que eles serão capazes de derrubar o poderoso tirano Galbatorix e restaurar a justiça no reino da Alagaësia? E se conseguirem, qual será o custo da vitória?
"
Histórias dos Mestres do Suspense,Vários,Record,Historias dos Mestres do Suspense.jpg,
Histórias Para Ler no Cemitério,Vários,Record,Historias Para Ler no Cemiterio.jpg,
Ignácia,Tiago Toy,Estronho,Ignacia.jpg,"O edifício Santa Eulália acaba de receber mais uma moradora, a pequena órfã Ignácia, uma garotinha que não desgruda de seu urso de pelúcia surrado Maylon e tem uma estranha fixação por fogo. Dona de olhos amendoados capazes de amolecer o mais duro dos corações, Ignácia parece ser uma menina normal. Mas será mesmo? Descubra no apartamento 41, em um prédio condenado a um trágico destino. – Ignácia faz parte da coletânea Fragmentos do Inferno, lançado pela editora Estronho, e agora em ebook.
"
Infecção,Tiago Toy,Draco,Infeccao.jpg,"**São Paulo: A infecção chegou. Esta Terra vai morrer.**
Tiago Rodrigues não é um rapaz comum, e não sabe por quê. Ele só queria deixar o interior e viver em São Paulo, mas as coisas não acontecem sempre como queremos. Quando um apocalipse zumbi assola a pequena cidade de Jaboticabal, Tiago inicia uma fuga alucinada pela sobrevivência. Uma vítima do acaso, o rapaz se vê em meio a algo maior do que o aparente fim do mundo, e descobre ser o principal alvo da empresa farmacêutica LAQUARTZ.
Após ser preso pela misteriosa corporação, Tiago consegue escapar com sua companheira Daniela para São Paulo, mas fracassam em evitar que a tragédia os siga até a metrópole. Resgatada por pessoas que parecem saber o que está acontecendo, a dupla refugia-se em um decadente hotel de corredores escuros onde ouve-se apenas o coro de berros famintos do lado de fora, e os sussurros dos não-infectados e seus segredos obscuros do lado de dentro.
*Terra Morta: Infecção* é a continuação da série de Tiago Toy, que começou em um blog na internet e infecta cada vez mais fãs. Começando onde *Terra Morta: Fuga* terminou, *Infecção* é mais tenso e sombrio que o primeiro livro, um ensaio visceral e amargo sobre a terrível natureza da humanidade que se revela nos piores momentos. Quão preparado está o Brasil para enfrentar algo que não foi previsto nem pelas mais ousadas imaginações?
"
Inferno,Dan Brown,,Inferno.jpg,"Neste fascinante thriller, Dan Brown retoma a mistura magistral de história, arte, códigos e símbolos que o consagrou em ""O Código Da Vinci"", ""Anjos e Demônios"" e ""O Símbolo Perdido"" e faz de Inferno sua aposta mais alta até o momento. No coração da Itália, Robert Langdon, o professor de Simbologia de Harvard, é arrastado para um mundo angustiante centrado numa das obras literárias mais duradouras e misteriosas da história: O Inferno, de Dante Alighieri.
 

Numa corrida contra o tempo, ele luta contra um adversário assustador e enfrenta um enigma engenhoso que o leva para uma clássica paisagem de arte, passagens secretas e ciência futurística. Tendo como pano de fundo poema de Dante, e mergulha numa caçada frenética para encontrar respostas e decidir em quem confiar, antes que o mundo que conhecemos seja destruído.
"
